dataset,outcome,model,seed,n_train,n_validation,n_test,n_features,fit_seconds,predict_seconds,qini_auc_normalized,qini_coefficient,uplift_auc_normalized,auuc,uplift_at_10pct,uplift_at_20pct,ate_test,cate_mean,cate_std,test_events_control,test_events_treated
criteo,conversion,constant_ate,0,2993,1009,998,10,0.0002090999987558,1.9299999621580355e-05,-0.0,0.0,0.0,0.0024038461538461,,,0.0048076923076923,0.001951600312256,2.1684043449710093e-19,0,4
criteo,conversion,s_learner,0,2993,1009,998,10,3.629621500000212,0.0586316000008082,-216.0,0.0017349327914345,0.0236700453711956,0.0044101397424955,0.0459770114942528,0.0232558139534883,0.0048076923076923,0.0001370007049784,0.0032834642877594,0,4
criteo,conversion,t_learner,0,2993,1009,998,10,0.8076860000001034,0.0262266999998246,-219.5,0.0017630451283328,0.023773518609358,0.0044189102239655,0.0348837209302325,0.0229885057471264,0.0048076923076923,0.0002297934382398,0.0044989084307699,0,4
criteo,conversion,x_learner,0,2993,1009,998,10,9.968249999999898,0.0994168999986868,-227.25,0.0018252938743217,0.0258123790452098,0.0045917258040141,0.0465116279069767,0.0240963855421686,0.0048076923076923,0.0009757034918141,0.0044901963378412,0,4
criteo,conversion,dr_learner,0,2993,1009,998,10,12.506579699998838,0.141284799999994,110.875,-0.0008905586724551,-0.012756730893739,0.0013225745718584,0.0114942528735632,0.0059171597633136,0.0048076923076923,0.0020957016990612,0.0182604375400695,0,4
criteo,conversion,tarnet,0,2993,1009,998,10,25.989630699999907,0.0064390000006824,-220.75,0.0017730852486536,0.0243168629540346,0.0044649645621832,0.0344827586206896,0.0231213872832369,0.0048076923076923,0.0005754640580501,0.0035579629627926,0,4
criteo,conversion,dragonnet,0,2993,1009,998,10,9.102317400000176,0.0298956999995425,-206.625,0.0016596318890285,0.0233511466698708,0.0043831096118023,0.0365853658536585,0.0177514792899408,0.0048076923076923,6.393575203910149e-05,0.0057494979742104,0,4
criteo,conversion,causalpfn,0,2993,1009,998,10,7.502288199999384,10.033578099999431,-235.375,0.001890554656407,0.0258559679207215,0.0045954204349328,0.0459770114942528,0.023391812865497,0.0048076923076923,0.0022017089263927,0.0064039906770232,0,4
criteo,conversion,constant_ate,1,2998,999,1003,10,0.0002806000011332,2.739999945333693e-05,-0.0,0.0,0.0,0.0017667844522968,,,0.0035335689045936,0.0019500780031201,6.505213034913028e-19,0,3
criteo,conversion,s_learner,1,2998,999,1003,10,3.111758300001384,0.0325558999993518,-0.0,0.0,0.0,0.0017667844522968,,,0.0035335689045936,0.0,0.0,0,3
criteo,conversion,t_learner,1,2998,999,1003,10,0.3446675000013783,0.0122182000013708,-250.88888888888889,0.0011222563615236,0.0169890224176773,0.0030917353566865,0.0235294117647058,0.0118343195266272,0.0035335689045936,0.0010129951312598,0.0296054415531749,0,3
criteo,conversion,x_learner,1,2998,999,1003,10,4.697494000000006,0.1063900000008288,-139.55555555555554,0.0006242488884294,0.0098825948022352,0.002537514668493,0.0240963855421686,0.0123456790123456,0.0035335689045936,0.0003251652027546,0.0020770667405529,0,3
criteo,conversion,dr_learner,1,2998,999,1003,10,10.012612700000318,0.1276787999995576,-271.6666666666667,0.0012151978759633,0.018163948376752,0.0031833662447856,0.0238095238095238,0.0116959064327485,0.0035335689045936,0.001961362264033,0.0159593536412738,0,3
criteo,conversion,tarnet,1,2998,999,1003,10,16.229347500000586,0.0125648999983241,-269.3333333333333,0.001204760593593,0.0184195277639044,0.0032032985358748,0.0227272727272727,0.0117647058823529,0.0035335689045936,0.0019469413283757,0.0199530721475867,0,3
criteo,conversion,dragonnet,1,2998,999,1003,10,14.210914100000082,0.0158222999998542,-271.1111111111111,0.0012127128087323,0.0185597144489204,0.0032142315060322,0.0224719101123595,0.0119760479041916,0.0035335689045936,0.0032997484678767,0.0369721602288607,0,3
criteo,conversion,causalpfn,1,2998,999,1003,10,8.825346800000261,11.84531160000006,-215.11111111111111,0.0009622180318466,0.0145423002028514,0.0029009187969326,0.0227272727272727,0.0117647058823529,0.0035335689045936,0.0019212688262744,0.0049789217534976,0,3
criteo,conversion,constant_ate,2,3001,999,1000,10,0.0002617999998619,2.689999928406905e-05,-0.0,0.0,0.0,0.0017482517482517,,,0.0034965034965034,0.0035115099492781,1.3010426069826053e-18,0,3
criteo,conversion,s_learner,2,3001,999,1000,10,3.5431341999992583,0.0306388999997579,-219.66666666666663,0.0009885,0.0163160141944928,0.0029270267248031,0.0224719101123595,0.0119047619047619,0.0034965034965034,0.0004131471289274,0.0052406755576843,0,3
criteo,conversion,t_learner,2,3001,999,1000,10,0.624782700000651,0.028810899999371,-91.88888888888889,0.0004135,0.0065595966742894,0.0022221596723164,0.0112359550561797,0.0114942528735632,0.0034965034965034,0.0013060985347427,0.0159981479814128,0,3
criteo,conversion,x_learner,2,3001,999,1000,10,7.34894820000045,0.2507334000001719,-132.11111111111111,0.0005945,0.0089881736736523,0.0023976158689924,0.0224719101123595,0.0113636363636363,0.0034965034965034,0.0009424901672502,0.0039025922089637,0,3
criteo,conversion,dr_learner,2,3001,999,1000,10,14.94741840000097,0.0585663000001659,58.11111111111112,-0.0002615,-0.0044813446229452,0.001424490268281,0.0111111111111111,0.0057803468208092,0.0034965034965034,0.0050180391554409,0.0255100196765132,0,3
criteo,conversion,tarnet,2,3001,999,1000,10,13.52431009999964,0.0126565999999002,59.888888888888886,-0.0002695,-0.0043274666058646,0.0014356074169801,0.0114942528735632,0.006060606060606,0.0034965034965034,0.0022870584309785,0.0203733445024547,0,3
criteo,conversion,dragonnet,2,3001,999,1000,10,8.719246900000144,0.0202105000007577,-174.11111111111111,0.0007835,0.0127273496951459,0.0026677582625033,0.0116279069767441,0.0059171597633136,0.0034965034965034,0.0027024316636197,0.0233979193615285,0,3
criteo,conversion,causalpfn,2,3001,999,1000,10,8.303500599999097,11.680192499999976,-244.11111111111111,0.0010985,0.0180243648936691,0.0030504490895644,0.0238095238095238,0.0118343195266272,0.0034965034965034,0.0070389735014177,0.0361792096637381,0,3
criteo,conversion,constant_ate,3,3002,999,999,10,0.0008906000002752,7.829999958630651e-05,-0.0,0.0,0.0,0.0011723329425556,,,0.0023446658851113,-0.0034840308756323,0.0,0,2
criteo,conversion,s_learner,3,3002,999,999,10,4.552701800001159,0.0749149000002944,492.0,-0.0009859709559409,-0.0156257485088555,1.7583953711422882e-05,0.0,0.0,0.0023446658851113,-0.0003549570686143,0.0065821381015735,0,2
criteo,conversion,t_learner,3,3002,999,999,10,3.1087705999998434,0.0826297999992675,-3.5,7.014021028035042e-06,-6.112353605522507e-05,0.00116781588909,0.0117647058823529,0.0056497175141242,0.0023446658851113,-0.0010662371123343,0.0471955534964346,0,2
criteo,conversion,x_learner,3,3002,999,999,10,11.988784899998793,0.1728050999990955,482.0,-0.0009659308958608,-0.0153095596846626,4.0950432751691536e-05,0.0,0.0,0.0023446658851113,-0.0031649243545909,0.0140236522137341,0,2
criteo,conversion,dr_learner,3,3002,999,999,10,12.509644300000218,0.0473824999990029,-10.5,2.1042063084105125e-05,0.0003656829552428,0.0011993570574366,0.0120481927710843,0.005813953488372,0.0023446658851113,-0.0026185445567161,0.0582639897115152,0,2
criteo,conversion,tarnet,3,3002,999,999,10,14.6194499000012,0.010159499999645,0.5,-1.002003004005006e-06,-0.0001012800277947,0.0011648483084839,0.0119047619047619,0.0058823529411764,0.0023446658851113,-0.0010205083918145,0.0090178604831353,0,2
criteo,conversion,dragonnet,3,3002,999,999,10,8.7587738000002,0.0065152000006492,0.5,-1.002003004005006e-06,-6.095798680783286e-05,0.0011678281232448,0.0120481927710843,0.0057471264367816,0.0023446658851113,-0.0008677085447875,0.0081920849681656,0,2
criteo,conversion,causalpfn,3,3002,999,999,10,9.509482499999647,13.928194699999947,490.0,-0.0009819629439249,-0.0155620826140072,2.22888884963611e-05,0.0,0.0,0.0023446658851113,-0.0012442387770525,0.0054104683569238,0,2
criteo,conversion,constant_ate,4,3002,998,1000,10,0.0002993999987666,3.300000025774352e-05,-0.0,0.0,0.0,0.0029481132075471,,,0.0058962264150943,-0.0060789239194193,0.0,0,5
criteo,conversion,s_learner,4,3002,998,1000,10,3.3489890999990166,0.0259925999998813,-7.72,9.65e-05,0.0020374449298529,0.0031071095954663,0.0246913580246913,0.0119047619047619,0.0058962264150943,-0.0035144139369018,0.0363416271651965,0,5
criteo,conversion,t_learner,4,3002,998,1000,10,1.052911499999027,0.0521758000031695,18.8,-0.000235,-0.0035364319687692,0.0026721401488805,0.0219780219780219,0.0116279069767441,0.0058962264150943,-0.004481505406951,0.0654844072005811,0,5
criteo,conversion,x_learner,4,3002,998,1000,10,8.709718599999178,0.1022848000029625,99.0,-0.0012375,-0.0182806489522343,0.0015215435321478,0.0126582278481012,0.006060606060606,0.0058962264150943,-0.0095210380814365,0.0382783730321079,0,5
criteo,conversion,dr_learner,4,3002,998,1000,10,15.891497199998412,0.0628885000005539,159.4,-0.0019925,-0.0301267848491113,0.0005971048929453,0.0,0.0,0.0058962264150943,-0.0191633971548466,0.1517560953576194,0,5
criteo,conversion,tarnet,4,3002,998,1000,10,13.81860130000132,0.0095271000027423,171.88,-0.0021485,-0.0324543096956357,0.0004154714961514,0.0,0.0,0.0058962264150943,-0.0090439852523413,0.067338506787735,0,5
criteo,conversion,dragonnet,4,3002,998,1000,10,8.41515419999996,0.008230999999796,171.0,-0.0021375,-0.0322937179980182,0.0004280036139412,0.0,0.0,0.0058962264150943,-0.0071614561155438,0.0493801298443527,0,5
criteo,conversion,causalpfn,4,3002,998,1000,10,10.357131400000071,12.822650999998586,180.12,-0.0022515,-0.0340252575313827,0.0002928792101792,0.0,0.0,0.0058962264150943,-0.0069906360921449,0.0442398010277592,0,5
hillstrom,conversion,constant_ate,0,3000,1000,1000,18,0.000415200000134,3.2300000384566374e-05,0.0,0.0,0.0,0.0044684992255203,0.0,0.0223880597014925,0.0089369984510406,0.0089459990250576,1.734723475976807e-18,1,8
hillstrom,conversion,s_learner,0,3000,1000,1000,18,4.462782500000685,0.0549140000002807,-0.5474493564098536,-0.0005373562757527,-0.0043370654187467,0.003738479353587,0.0,0.0,0.0089369984510406,0.0069447641666445,0.0579022271386455,1,8
hillstrom,conversion,t_learner,0,3000,1000,1000,18,5.442949899999803,0.1031411999992997,0.23165842934375,0.0002273874457634,0.0024611759398716,0.0048827672088125,0.0,0.0078740157480314,0.0089369984510406,0.0085348766597494,0.0695123291651036,1,8
hillstrom,conversion,x_learner,0,3000,1000,1000,18,18.201080700000603,0.1744180999994569,-0.6640570957404347,-0.0006518141699798,-0.0055465697364115,0.0035348941866979,0.0,0.0,0.0089369984510406,0.0048734448124948,0.0296077534963444,1,8
hillstrom,conversion,dr_learner,0,3000,1000,1000,18,22.416581100000258,0.0519604000000981,-0.3796870329332394,-0.0003726869117293,-0.0027811556962632,0.0040003718792191,0.0,0.0,0.0089369984510406,0.0065853145698008,0.0525920598499282,1,8
hillstrom,conversion,tarnet,0,3000,1000,1000,18,21.69633889999932,0.0104167999998026,-0.8914390167818412,-0.0008750039515253,-0.0076627523452996,0.0031786958802461,0.0,0.0075187969924812,0.0089369984510406,0.0061781433414435,0.0410391222140667,1,8
hillstrom,conversion,dragonnet,0,3000,1000,1000,18,14.510414599999422,0.0094288000000233,-0.7352550411548782,-0.0007216994704943,-0.0063806026383695,0.0033945088031517,0.0,0.0147058823529411,0.0089369984510406,0.0065880552995949,0.0338807847021468,1,8
hillstrom,conversion,causalpfn,0,3000,1000,1000,18,6.666642899999715,17.562861299998985,0.95959724267499,0.0009419055744773,0.0084152927323667,0.0058849710398973,0.0135135135135135,0.0072992700729927,0.0089369984510406,0.0054485509805381,0.0019821444238242,1,8
hillstrom,conversion,constant_ate,1,3000,1000,1000,18,0.0003909000006387,2.769999991869554e-05,0.0,0.0,0.0,-0.0006052002723401,0.0,0.0069930069930069,-0.0012104005446802,-0.0011901958728004,0.0,3,5
hillstrom,conversion,s_learner,1,3000,1000,1000,18,4.487484100000074,0.0647454999998444,-0.0594478094026652,-0.0001715146879786,-0.0014880410028562,-0.0008642292542915,0.0,-0.0058246143889548,-0.0012104005446802,0.0001635863097541,0.022606930328223,3,5
hillstrom,conversion,t_learner,1,3000,1000,1000,18,5.417037300001539,0.0965460999996139,0.1311318041369108,0.0003783323674431,0.0033177150687103,-2.7672936061399012e-05,0.0,0.0,-0.0012104005446802,-0.0025706151321651,0.0574449696027593,3,5
hillstrom,conversion,x_learner,1,3000,1000,1000,18,18.026327600000517,0.136068099998738,-0.3678156189829622,-0.0010611960601648,-0.0091323795253957,-0.0021949084636581,0.0,0.0,-0.0012104005446802,-0.0025510265223336,0.0348761835451473,3,5
hillstrom,conversion,dr_learner,1,3000,1000,1000,18,34.438721699998496,0.1065461999987746,0.0368755629543583,0.0001063908113302,0.0009428734990654,-0.0004410706804114,0.0151515151515151,0.0074074074074074,-0.0012104005446802,0.0007086858945998,0.0609395484316393,3,5
hillstrom,conversion,tarnet,1,3000,1000,1000,18,15.321243800000955,0.0218969000015931,0.0087332215752511,2.519648391720972e-05,0.0003059635522437,-0.0005519400279652,0.0,0.0,-0.0012104005446802,-0.0017064017052762,0.0021120820773426,3,5
hillstrom,conversion,dragonnet,1,3000,1000,1000,18,9.645881599999484,0.0084778000000369,-0.1236724273702726,-0.0003568110920336,-0.0029166542712474,-0.0011129134234801,0.0,0.0,-0.0012104005446802,-0.0010583026905078,0.0019878162213819,3,5
hillstrom,conversion,causalpfn,1,3000,1000,1000,18,9.090648800000054,20.027136699998664,0.0316551377278841,9.132920329400424e-05,0.0006029121566795,-0.000500249049994,-0.0263157894736842,-0.0140845070422535,-0.0012104005446802,-0.0032245820011012,0.0011464995573585,3,5
hillstrom,conversion,constant_ate,2,3000,1000,1000,18,0.0003832000002148,2.75999991572462e-05,0.0,0.0,0.0,0.001526203568623,0.0153846153846153,0.0157480314960629,0.0030524071372461,0.0055262355147876,8.673617379884035e-19,2,6
hillstrom,conversion,s_learner,2,3000,1000,1000,18,4.466017700000521,0.0720285999996122,-0.2794160737529374,-0.0005501994419436,-0.0047967195391436,0.0007078168295295,-0.0131868131868131,0.0004456327985739,0.0030524071372461,-0.0012322040440564,0.0532321197024503,2,6
hillstrom,conversion,t_learner,2,3000,1000,1000,18,4.216422199999215,0.0867798999988735,-0.6719910222173537,-0.0013232205307632,-0.0115802747879525,-0.0004495515790734,-0.0277777777777777,-0.0158730158730158,0.0030524071372461,-0.0025350006808476,0.0631611087172475,2,6
hillstrom,conversion,x_learner,2,3000,1000,1000,18,18.617416499999308,0.1733488000008947,-0.8453239669631617,-0.0016645312083798,-0.0146076015674964,-0.0009660554253091,0.0,-0.0158730158730158,0.0030524071372461,0.0011211818555921,0.0306598000607417,2,6
hillstrom,conversion,dr_learner,2,3000,1000,1000,18,29.168187400000534,0.0614781999993283,-0.6418990458949594,-0.0012639662854465,-0.01113664756115,-0.0003738626344617,0.0144927536231884,-0.0071301247771836,0.0030524071372461,0.0044495839977197,0.0498698035777458,2,6
hillstrom,conversion,tarnet,2,3000,1000,1000,18,10.556252100001076,0.0265050999987579,0.9793400928051472,0.0019284229618475,0.0164602115637825,0.004334543467703,0.0294117647058823,0.014388489208633,0.0030524071372461,-0.0016688593593426,0.0003311776214251,2,6
hillstrom,conversion,dragonnet,2,3000,1000,1000,18,10.297364000000016,0.0467444999994768,-1.0870554732352986,-0.0021405257997601,-0.0201188398735085,-0.0019063489548386,-0.0454545454545454,-0.0235294117647058,0.0030524071372461,0.0054616792849265,0.0027177799445626,2,6
hillstrom,conversion,causalpfn,2,3000,1000,1000,18,10.58466220000082,20.54195510000136,-0.2746350998570287,-0.0005407852048378,-0.0049616211485439,0.0006796823327579,-0.025,-0.0125,0.0030524071372461,0.003081459459383,0.0013308858416076,2,6
hillstrom,conversion,constant_ate,3,3000,1000,1000,18,0.0003176999998686,4.609999996318948e-05,0.0,0.0,0.0,0.0020738918283631,0.0,0.0075757575757575,0.0041477836567263,0.000658124568074,1.0842021724855044e-19,2,7
hillstrom,conversion,s_learner,3,3000,1000,1000,18,5.813681800000268,0.0783062000009522,-0.57030814744182,-0.0011829806556751,-0.0109401286964587,0.0002680107105022,-0.0227272727272727,0.0041666666666666,0.0041477836567263,0.0008423546016318,0.0404207579423756,2,7
hillstrom,conversion,t_learner,3,3000,1000,1000,18,9.118518499999482,0.1150925000001734,-0.3234694638199445,-0.000670967300953,-0.0063990009524209,0.0010176122073664,-0.0217391304347826,-0.0106666666666666,0.0041477836567263,-0.0010282831455848,0.0510388905788808,2,7
hillstrom,conversion,x_learner,3,3000,1000,1000,18,21.53588690000106,0.159890599999926,-0.8245343131335922,-0.0017103177409488,-0.0157923644456321,-0.0005329452162482,-0.0238095238095238,-0.0128205128205128,0.0041477836567263,-0.0036547132469561,0.0350834808397875,2,7
hillstrom,conversion,dr_learner,3,3000,1000,1000,18,37.22504909999952,0.0476393999997526,-0.8056463783011852,-0.0016711388134994,-0.0155961957362707,-0.0005005637536548,-0.025,-0.0133333333333333,0.0041477836567263,0.0003341995224082,0.0649971047492632,2,7
hillstrom,conversion,tarnet,3,3000,1000,1000,18,11.897734800000762,0.0091787999990629,-0.4493355274304023,-0.0009320491724378,-0.0083392070941561,0.0006973434305236,-0.0111540111540111,0.0007744219493306,0.0041477836567263,0.0002795705648604,0.0002741431301216,2,7
hillstrom,conversion,dragonnet,3,3000,1000,1000,18,6.408038499999748,0.0102893999992375,-0.3136893386760829,-0.0006506805508739,-0.0057783732691305,0.0011200588828647,-0.0131868131868131,-0.0060763888888888,0.0041477836567263,0.0006149500841274,0.0005090058299036,2,7
hillstrom,conversion,causalpfn,3,3000,1000,1000,18,9.863777699998536,20.65890380000019,-0.2309581882290639,-0.000479072708623,-0.0040342247217335,0.0014079645388108,0.0158730158730158,0.0155038759689922,0.0041477836567263,-0.0016659977789968,0.0014478626955141,2,7
hillstrom,conversion,constant_ate,4,3000,1000,1000,18,0.0003706999996211,2.7000001864507794e-05,0.0,0.0,0.0,0.0051866515068468,0.0285714285714285,0.0305343511450381,0.0103733030136936,0.0073647185711641,8.673617379884035e-19,1,9
hillstrom,conversion,s_learner,4,3000,1000,1000,18,4.572436999998899,0.0571182999992743,1.645136234521654,0.0016167363827162,0.016225520475567,0.0079059179207661,0.0151515151515151,0.0336134453781512,0.0103733030136936,0.0027521966297663,0.032566156839102,1,9
hillstrom,conversion,t_learner,4,3000,1000,1000,18,5.427487799999653,0.1883765999991737,1.1274053241634303,0.001107943018575,0.0110298052751425,0.0070351579434773,0.0163934426229508,0.0169491525423728,0.0103733030136936,0.0039861994997935,0.0458897673142466,1,9
hillstrom,conversion,x_learner,4,3000,1000,1000,18,18.59680799999842,0.086141800002224,1.685802053886203,0.0016567001913784,0.0151902997303409,0.0077324232703033,0.0158730158730158,0.0074626865671641,0.0103733030136936,0.0040000001389884,0.0237784219286294,1,9
hillstrom,conversion,dr_learner,4,3000,1000,1000,18,41.36380329999884,0.0609943000017665,1.4570711822814728,0.001431917882039,0.0133521310532051,0.0074243610201967,0.0303030303030303,0.0151515151515151,0.0103733030136936,0.0087550825252013,0.0486084028699253,1,9
hillstrom,conversion,tarnet,4,3000,1000,1000,18,18.006270999998378,0.0068143000025884,1.0817219662983435,0.0010630482887676,0.0082810772996913,0.0065744932963308,0.0142857142857142,0.0209790209790209,0.0103733030136936,0.0076822766668628,0.0045621550426566,1,9
hillstrom,conversion,dragonnet,4,3000,1000,1000,18,8.78601869999693,0.0126025000026857,0.2864886167911036,0.0002815429873106,0.0014168317814248,0.0054241010902487,0.0151515151515151,0.0141843971631205,0.0103733030136936,0.0083425521114841,0.0047554257126823,1,9
hillstrom,conversion,causalpfn,4,3000,1000,1000,18,11.481349099998624,20.469523100000515,2.388309896049694,0.0023470806983153,0.0202911127539601,0.0085872784079056,0.0,0.0150375939849624,0.0103733030136936,0.0035139419378247,0.0014849757665777,1,9
lzd,Y,constant_ate,0,2997,1003,1000,64,0.0004801000013685,3.579999975045212e-05,0.0,0.0,0.0,-0.0048759719812351,-0.0024630541871921,0.0055137844611528,-0.0097519439624702,0.0019606774743615,0.0,16,13
lzd,Y,s_learner,0,2997,1003,1000,64,7.705012700000225,0.1300019000009342,0.0874214920505448,0.0007839970614976,0.0062063378605828,-0.0033863886817519,-0.0048701298701298,-0.0002000200020002,-0.0097519439624702,-0.0017877893585004,0.0113126542527484,16,13
lzd,Y,t_learner,0,2997,1003,1000,64,14.07102919999852,0.2093119000001024,0.0918681188781212,0.0008238744678953,0.0063892816811128,-0.0033424803309778,0.0213464696223316,-0.0024021619457511,-0.0097519439624702,-0.0072990048119743,0.0690091579254764,16,13
lzd,Y,x_learner,0,2997,1003,1000,64,31.772633799999312,0.1866654999994352,0.2617582887912212,0.0023474516897551,0.0185724400740669,-0.0004184001914865,0.0541951023685266,0.0160401002506265,-0.0097519439624702,-0.0047047284982468,0.0587165377214364,16,13
lzd,Y,dr_learner,0,2997,1003,1000,64,51.31868779999968,0.0132582000005641,-0.0415859976365929,-0.0003729437599587,-0.0030503105474763,-0.0056080770892434,0.0199999999999999,-0.0109010901090109,-0.0097519439624702,-0.0006801388604562,0.1174466498323997,16,13
lzd,Y,tarnet,0,2997,1003,1000,64,4.058422299998711,0.0028877000004285,0.0811646282651577,0.000727885426854,0.0055917729364208,-0.0035338904240102,0.008080808080808,0.0120192307692307,-0.0097519439624702,-0.0036207057552819,0.0135245053628739,16,13
lzd,Y,dragonnet,0,2997,1003,1000,64,2.734565200000361,0.0024506000008841,-0.0096918909994089,-8.691700273771267e-05,-0.0015087700122159,-0.0052380919082265,0.0,0.0030075187969924,-0.0097519439624702,-0.0038259643377386,0.0128167710772142,16,13
lzd,Y,causalpfn,0,2997,1003,1000,64,8.27313089999916,8.635927900000752,0.0615679631999566,0.00055214228331,0.0041017341192778,-0.0038915146764207,0.0072260136491368,0.0014001400140013,-0.0097519439624702,-2.906825579702854e-05,0.0060483056322482,16,13
lzd,Y,constant_ate,1,2994,998,1008,64,0.0004026000005978,3.319999996165279e-05,0.0,0.0,0.0,0.0044771346338343,0.0580392156862745,0.0267927501970055,0.0089542692676686,0.0009732781570933,0.0,11,17
lzd,Y,s_learner,1,2994,998,1008,64,5.850533200000427,0.0745731000006344,0.046332817405519,0.0002760310568183,0.0022267227805942,0.0050133001544375,0.0102442868400315,0.0347877358490566,0.0089542692676686,0.0023128534534759,0.0227130066777644,11,17
lzd,Y,t_learner,1,2994,998,1008,64,9.918132799999512,0.1504813000010472,-0.1321104585298514,-0.0007870574579047,-0.0060642819679181,0.0030169353998974,-0.0110323089046493,0.0063819342169857,0.0089542692676686,0.0005018347372279,0.0679422512385478,11,17
lzd,Y,x_learner,1,2994,998,1008,64,24.4200996999989,0.2345389000001887,0.3039123386167678,0.0018105793842472,0.0147715646750601,0.0080339328725509,0.0629510825982357,0.0151500245941957,0.0089542692676686,0.0005802990687204,0.0640090824049742,11,17
lzd,Y,dr_learner,1,2994,998,1008,64,51.4702328000003,0.0773339000006672,0.1673187473775806,0.0009968133441989,0.0080223362683292,0.0064088075565925,0.0422764227642276,0.0136134951168984,0.0089542692676686,-0.0034692064052769,0.1357684425816017,11,17
lzd,Y,tarnet,1,2994,998,1008,64,15.465616900000896,0.0175252000008185,-0.2771696293046113,-0.0016512577904617,-0.012936264300343,0.0013622525552474,0.0226190476190476,-0.0059026069847515,0.0089542692676686,0.0074261277195257,0.0339273005899548,11,17
lzd,Y,dragonnet,1,2994,998,1008,64,11.840144699999655,0.0212269999992713,-0.2059036560112891,-0.0012266856831544,-0.0096034388570043,0.0021647530301518,0.0003968253968253,0.0023640661938534,0.0089542692676686,0.0039226902479366,0.041245074528127,11,17
lzd,Y,causalpfn,1,2994,998,1008,64,14.705356699998449,19.027497800001584,0.1529536083889345,0.0009112320064255,0.0070808429734986,0.0061821083702517,0.0361067503924646,0.0236406619385342,0.0089542692676686,0.0033944945298283,0.0061269586369171,11,17
lzd,Y,constant_ate,2,3000,1000,1000,64,0.0003952999995817,2.3799999326001853e-05,0.0,0.0,0.0,0.008387324395407,0.0824329731892757,0.0384153661464585,0.016774648790814,0.0025819488100583,4.336808689942019e-19,12,22
lzd,Y,s_learner,2,3000,1000,1000,64,5.2700012999994215,0.0510075000001961,0.113800167876124,0.0007301170131909,0.0056979988193678,0.0097688493311435,0.0164592533119229,0.0311031103110311,0.016774648790814,-0.0002121934795269,0.0173216143414501,12,22
lzd,Y,t_learner,2,3000,1000,1000,64,10.576213300000743,0.172470899999098,0.4664583661462289,0.0029926949619209,0.0227666143716924,0.0139072703367576,-0.0048173424327579,0.0599838969404186,0.016774648790814,0.0025696304754617,0.0313348173292911,12,22
lzd,Y,x_learner,2,3000,1000,1000,64,24.04326729999957,0.2342693000009603,0.0172631933448424,0.0001107568767103,0.0018308851908466,0.0088312370085559,-0.0353271778402248,0.0292368182276439,0.016774648790814,0.0031309730988686,0.0448695930844793,12,22
lzd,Y,dr_learner,2,3000,1000,1000,64,34.58571389999997,0.143598300001031,-0.1778650590138069,-0.0011411433573591,-0.0093020621581699,0.0061319657628988,-0.0188075230092036,0.008203281312525,0.016774648790814,0.0091249490191568,0.1133470931100738,12,22
lzd,Y,tarnet,2,3000,1000,1000,64,12.300718399999823,0.0097688000005291,0.0171390345178102,0.0001099603008032,0.0009841112756755,0.0086259299672902,0.0576923076923076,0.0288461538461538,0.016774648790814,-0.0064592934292741,0.0067179269262891,12,22
lzd,Y,dragonnet,2,3000,1000,1000,64,6.968150700000479,0.0149519999995391,0.1409349510551783,0.0009042078534597,0.0064309042232475,0.0099465480501313,0.0535714285714285,0.0370927318295739,0.016774648790814,-0.0028769834052654,0.0065123471659607,12,22
lzd,Y,causalpfn,2,3000,1000,1000,64,17.20851550000043,19.416012699999555,-0.1594979191833281,-0.0010233038011953,-0.0083979240743652,0.0063511812011118,0.01010101010101,0.0176282051282051,0.016774648790814,0.0034282698202878,0.0049087306514277,12,22
lzd,Y,constant_ate,3,3000,1003,997,64,0.0014561000007233,0.0004776999994646,0.0,0.0,0.0,0.0038805116556312,-0.1348539415766306,-0.0497792051384985,0.0077610233112625,0.0005793043089991,0.0,17,22
lzd,Y,s_learner,3,3000,1003,997,64,6.2749094999999215,0.1357680999990407,0.3495283926645534,0.0030852850569846,0.0238889447783972,0.0098044702453795,0.0338164251207729,0.0446859903381642,0.0077610233112625,-0.0022818751700453,0.0182052703627228,17,22
lzd,Y,t_learner,3,3000,1003,997,64,9.684505100000024,0.164619400000447,-0.0714019074259217,-0.0006302642149955,-0.0040388196647184,0.0028789688638839,-0.0615957007027697,0.0144230769230769,0.0077610233112625,-0.0056705767778668,0.0737459394148321,17,22
lzd,Y,x_learner,3,3000,1003,997,64,22.240011000001687,0.2307476999994833,-0.0812143676115904,-0.000716878743081,-0.0052272076220623,0.0025842735094777,-0.0424242424242424,-0.0232323232323232,0.0077610233112625,-0.0049270556512373,0.0537694430227111,17,22
lzd,Y,dr_learner,3,3000,1003,997,64,51.90598580000005,0.0447542000001703,-0.2838407903530577,-0.0025054609794731,-0.0190950921453573,-0.0008546717602062,-0.0565656565656565,-0.0259740259740259,0.0077610233112625,-0.0029579618956283,0.1090501371757213,17,22
lzd,Y,tarnet,3,3000,1003,997,64,16.259253299998818,0.0175118999995902,-0.3002985685580441,-0.0026507336904535,-0.0205570935841685,-0.0012172175344968,-0.0373376623376623,-0.0327294565108597,0.0077610233112625,-0.001753880009981,0.0309293937499837,17,22
lzd,Y,dragonnet,3,3000,1003,997,64,11.893763899999612,0.0058554999995976,-0.2985870655240716,-0.0026356262632844,-0.0204398884695334,-0.0011881531177951,-0.0314009661835748,-0.0355279004415897,0.0077610233112625,-0.001298301081156,0.0265054852711614,17,22
lzd,Y,causalpfn,3,3000,1003,997,64,18.670046699999148,20.15373719999843,0.3950201694815627,0.0034868407021762,0.026739418941259,0.0105113282107933,-0.006060606060606,0.0275974025974025,0.0077610233112625,1.6114815561438995e-05,0.0049654239223206,17,22
lzd,Y,constant_ate,4,3001,999,1000,64,0.0012456999993446,7.6299998909235e-05,0.0,0.0,0.0,-0.0106766917293233,-0.0754716981132075,-0.0188075230092036,-0.0213533834586466,0.004961470518193,8.673617379884035e-19,21,12
lzd,Y,s_learner,4,3001,999,1000,64,5.356881699999576,0.073315999999977,0.0932356998380302,0.0010643370386431,0.0086260652392083,-0.0085673239536956,0.0024009603841536,-0.0152243589743589,-0.0213533834586466,-0.0013999353940115,0.0206003991129945,21,12
lzd,Y,t_learner,4,3001,999,1000,64,9.328167499999836,0.1102088000006915,0.2456092034476475,0.0028037647887568,0.0213397570569504,-0.0054583917713015,0.0484848484848484,0.0070344688975982,-0.0213533834586466,-0.0063018997534285,0.0702257533678375,21,12
lzd,Y,x_learner,4,3001,999,1000,64,21.06001659999856,0.2303410999993502,0.1988735511965247,0.0022702514907129,0.0178252506845627,-0.0063178086993646,-0.0176282051282051,-0.0091009100910091,-0.0213533834586466,-0.0024997290904393,0.0592733575341486,21,12
lzd,Y,dr_learner,4,3001,999,1000,64,44.20941309999944,0.0509239000002708,-0.0186525322191117,-0.0002129289632594,-0.0019591126845646,-0.0111557617399302,-0.0242424242424242,-0.0333299969972975,-0.0213533834586466,0.0058519147122672,0.1018264406216725,21,12
lzd,Y,tarnet,4,3001,999,1000,64,12.46498210000027,0.0319155999986833,0.2753768044298162,0.0031435784044845,0.024607540855984,-0.0046593069449929,0.0432172869147659,0.0190019001900189,-0.0213533834586466,0.0027543814981472,0.0134662773254449,21,12
lzd,Y,dragonnet,4,3001,999,1000,64,8.53109890000087,0.0098539999999047,0.0873863035540811,0.0009975629475007,0.0077867418965624,-0.008772567197656,0.0048019207683073,-0.0084303492573263,-0.0213533834586466,0.0081733749143022,0.0391937043567768,21,12
lzd,Y,causalpfn,4,3001,999,1000,64,17.26504879999993,19.98267510000005,0.051655113871358,0.0005896716710886,0.0044683248219556,-0.0095840335904039,0.0,-0.0323232323232323,-0.0213533834586466,0.0018907192992046,0.0143167664617767,21,12
retailhero,Y,constant_ate,0,3000,1000,1000,5,0.0003225000000384,2.3400001737172715e-05,0.0,0.0,0.0,0.0204843277492439,0.0004014452027298,0.0566777208320771,0.0409686554984879,0.0411471238569317,0.0,303,326
retailhero,Y,s_learner,0,3000,1000,1000,5,5.083561800000098,0.1144019999992451,-0.0324036301872539,-0.0033276796755323,-0.0239526301656966,0.0138962111177101,0.0632183908045976,-0.0126012601260125,0.0409686554984879,0.0344328811134388,0.0864414732607864,303,326
retailhero,Y,t_learner,0,3000,1000,1000,5,10.658308600000964,0.1830820000013773,-0.0661797404703414,-0.006796305723233,-0.0494010319476904,0.0068966858937113,-0.0387596899224805,-0.0543401552575864,0.0409686554984879,0.0363787142021624,0.2326630931654963,303,326
retailhero,Y,x_learner,0,3000,1000,1000,5,20.367125900000246,0.0764750999987882,-0.0500580571762588,-0.0051406949931059,-0.0379803737590263,0.0100379120402894,-0.0024803637866886,-0.0780998389694042,0.0409686554984879,0.0343956680436588,0.1940094435106145,303,326
retailhero,Y,dr_learner,0,3000,1000,1000,5,50.68329210000047,0.0384846999986621,-0.0151411506218482,-0.0015549152640409,-0.0112052975357391,0.0174023360620759,0.0040257648953301,0.0104166666666666,0.0409686554984879,0.0405230478875296,0.273357286985242,303,326
retailhero,Y,tarnet,0,3000,1000,1000,5,7.931664300000193,0.0026828000009118,0.016988004185187,0.0017445772565674,0.0133425757676813,0.0241541729693504,0.0343434343434343,0.0901244480128462,0.0409686554984879,0.0468691051900386,0.0452782212939118,303,326
retailhero,Y,dragonnet,0,3000,1000,1000,5,2.2226252000000386,0.0060336999995342,-0.0027874001616334,-0.0002862511024796,-0.0012830890594629,0.0201314170119299,0.1121794871794872,0.0702691803609235,0.0409686554984879,0.0367270667850971,0.0330082982918571,303,326
retailhero,Y,causalpfn,0,3000,1000,1000,5,8.957409099999495,18.0699792000014,0.0083469461671094,0.0008571867705112,0.0052760780565087,0.0219355010589348,0.0460184073629451,0.0362144857943177,0.0409686554984879,0.0428437324166297,0.0074246318939704,303,326
retailhero,Y,constant_ate,1,3000,1000,1000,5,0.0004189999999653,2.89999989036005e-05,0.0,0.0,0.0,0.0172440689762758,-0.0394088669950739,-0.0797101449275361,0.0344881379525517,0.0321622365165495,0.0,303,319
retailhero,Y,s_learner,1,3000,1000,1000,5,4.25839150000138,0.0585360999994009,0.0445428869987942,0.004571078415885,0.0320452036830925,0.0260915323420008,0.250500200080032,0.0563056305630562,0.0344881379525517,0.0292402958696103,0.0978433765872742,303,319
retailhero,Y,t_learner,1,3000,1000,1000,5,8.12308850000045,0.1583479000000807,0.0202737813387862,0.0020805351994496,0.0157100515842528,0.0215815076532115,0.0682100041339396,0.0375037503750375,0.0344881379525517,0.0370468118302529,0.2564848352367267,303,319
retailhero,Y,x_learner,1,3000,1000,1000,5,25.96464089999972,0.2863848000015423,0.0211305500016979,0.0021684584798276,0.0161298446051036,0.0216974096587002,0.094437775110044,0.0275689223057643,0.0344881379525517,0.0421600594738866,0.2173744806958409,303,319
retailhero,Y,dr_learner,1,3000,1000,1000,5,51.37121250000018,0.0387152999992395,0.0080660727739693,0.0008277562062613,0.0062722022887798,0.0189757814821843,0.02,-0.0360144057623049,0.0344881379525517,0.0291454422566471,0.2753546988501852,303,319
retailhero,Y,tarnet,1,3000,1000,1000,5,16.222899500000494,0.0093495000000984,0.0559536169703039,0.0057420699028911,0.0410742243465812,0.0285843837009309,0.1023685266961059,0.0878087808780878,0.0344881379525517,0.0317731797993183,0.0612160175542053,303,319
retailhero,Y,dragonnet,1,3000,1000,1000,5,13.195757199999209,0.0096570999994582,0.0487650520217906,0.0050043652705392,0.035751285300124,0.0271147563371216,-0.0737179487179487,0.0577057705770577,0.0344881379525517,0.0351699574291706,0.0578626820241814,303,319
retailhero,Y,causalpfn,1,3000,1000,1000,5,6.849371399999654,19.79822729999978,0.0312763463921673,0.0032096400021141,0.02294765363373,0.023579760484484,0.0044017607042817,-0.0185018501850184,0.0344881379525517,0.0330248073339462,0.011370915610447,303,319
retailhero,Y,constant_ate,2,3000,1000,1000,5,0.0003345000004628,2.1300000298651867e-05,0.0,0.0,0.0,0.0107680430721722,0.02,0.0528846153846154,0.0215360861443445,0.0203547028528051,0.0,302,314
retailhero,Y,s_learner,2,3000,1000,1000,5,4.181601199999932,0.0454484000001684,-0.0531753509888722,-0.0055268565112942,-0.0408652371063648,-0.0005697211535558,-0.0989898989898989,-0.0250025204153644,0.0215360861443445,0.013297780043773,0.071141485124845,302,314
retailhero,Y,t_learner,2,3000,1000,1000,5,7.524809699998514,0.1106163000004016,-0.0187343857408703,-0.0019471853009244,-0.0130627263320736,0.0071438842079332,0.0489596083231334,0.002415458937198,0.0215360861443445,0.0144220350147393,0.2328723608222513,302,314
retailhero,Y,x_learner,2,3000,1000,1000,5,21.22496859999956,0.1316630000001168,-0.0224622371641663,-0.0023346448950565,-0.0163825466917529,0.0062228240801809,-0.0181818181818181,0.0971497390606183,0.0215360861443445,0.0082070011938432,0.1980045335502736,302,314
retailhero,Y,dr_learner,2,3000,1000,1000,5,48.4600808999985,0.0495833000004495,-0.0150514138274773,-0.0015643903231402,-0.010504663784165,0.0078536001449132,0.0432476540187678,0.0770774789241268,0.0215360861443445,0.0258800084889533,0.2554914760170994,302,314
retailhero,Y,tarnet,2,3000,1000,1000,5,12.04057979999925,0.011614200000622,0.02064082921333,0.002145334242553,0.0146234208174021,0.0148252053240337,-0.0713994288045695,0.0665584415584416,0.0215360861443445,0.0085619624853134,0.0176255238673109,302,314
retailhero,Y,dragonnet,2,3000,1000,1000,5,6.533542200000738,0.004020299998956,0.0232733109483056,0.0024189450142216,0.0172892702649194,0.0155648259560777,0.0161616161616161,-0.0445609436435124,0.0215360861443445,0.0103252529501914,0.0176476630853006,302,314
retailhero,Y,causalpfn,2,3000,1000,1000,5,9.649678600000698,18.49203250000028,0.0197597844088299,0.0020537615848472,0.015183557050732,0.014980611067337,0.0202020202020202,0.0317285557001301,0.0215360861443445,0.0228499240279197,0.0083179648810491,302,314
retailhero,Y,constant_ate,3,3000,1000,1000,5,0.0003101000002061,2.559999848017469e-05,0.0,0.0,0.0,0.0156970766270189,0.0689102564102565,0.0703699969755016,0.0313941532540378,0.0317286462405745,0.0,307,314
retailhero,Y,s_learner,3,3000,1000,1000,5,4.1778573999999935,0.0439303999992262,0.0322106498949755,0.0032964092256197,0.020190377289694,0.0212859569622984,0.1089351285189718,0.0803571428571429,0.0313941532540378,0.027900742023319,0.0774622795861954,307,314
retailhero,Y,t_learner,3,3000,1000,1000,5,7.158212300000741,0.2051303000007465,0.0247729036208609,0.002535236895482,0.0163277218889069,0.0202167387648535,0.0855078281814533,-0.0138679529695507,0.0313941532540378,0.0408294399519218,0.2307859149159568,307,314
retailhero,Y,x_learner,3,3000,1000,1000,5,20.16132859999925,0.1756825999982538,0.052485580115866,0.0053713275289405,0.0355145313051308,0.0255278223718857,0.109193095142513,0.0222222222222221,0.0313941532540378,0.0356657305527084,0.2005846237244824,307,314
retailhero,Y,dr_learner,3,3000,1000,1000,5,56.728990700001305,0.0742477000003418,0.0483288280201209,0.0049459292211849,0.0347517166982058,0.0253166683406887,0.0508203281312524,0.0970388155262105,0.0313941532540378,0.0362914209860259,0.2645368037078537,307,314
retailhero,Y,tarnet,3,3000,1000,1000,5,16.943926799998735,0.0086682000001019,0.0591979490307211,0.0060582653861038,0.0429922485878807,0.0275977226255909,0.0577249575551782,0.0557732891166716,0.0313941532540378,0.040620842218399,0.0325787621902267,307,314
retailhero,Y,dragonnet,3,3000,1000,1000,5,7.106695500000569,0.0179855999995197,-0.0353880067232293,-0.0036215770938836,-0.0262996858660714,0.0084170840319353,0.0152801358234295,0.0271317829457363,0.0313941532540378,0.0266922815442085,0.0298058541714789,307,314
retailhero,Y,causalpfn,3,3000,1000,1000,5,8.151235700001052,21.116658499999176,-0.0603151784782395,-0.0061726016528336,-0.0433911377613571,0.0036860144719971,-0.0568181818181817,-0.0790357033872445,0.0313941532540378,0.0335146750807762,0.007628965726959,307,314
retailhero,Y,constant_ate,4,3000,1000,1000,5,0.0003405999996175,2.060000042547472e-05,0.0,0.0,0.0,0.012712152681898,0.0765027322404371,0.0394088669950739,0.0254243053637961,0.0249221377738962,3.469446951953614e-18,312,311
retailhero,Y,s_learner,4,3000,1000,1000,5,4.967822100001285,0.0968458999996073,0.061251047460505,0.0063004496538885,0.0426457186634507,0.0245501102906355,0.1919191919191919,0.0913047879340014,0.0254243053637961,0.0262559068416043,0.0766351088904763,312,311
retailhero,Y,t_learner,4,3000,1000,1000,5,9.98348999999871,0.1214949999994132,0.007224453541394,0.0007431269782571,0.0064345158324726,0.0144982997570285,0.0529907667603372,0.1155039535582024,0.0254243053637961,0.0352552290353414,0.2356989139542974,312,311
retailhero,Y,x_learner,4,3000,1000,1000,5,19.890483200000745,0.1671618000000307,0.0318462261543549,0.0032757896047612,0.0254258998295864,0.0197700880099902,0.12,0.1330128205128204,0.0254243053637961,0.0353267852664295,0.1985801074779827,312,311
retailhero,Y,dr_learner,4,3000,1000,1000,5,57.67458979999901,0.1195101999983307,0.0135507049470786,0.0013938624371904,0.0127228047201492,0.0162438559257796,0.1600985221674877,0.0887218045112782,0.0254243053637961,0.0319385096494265,0.2772412451340496,312,311
retailhero,Y,tarnet,4,3000,1000,1000,5,11.696891900000992,0.0081988000001729,0.05159158786651,0.0053068513175502,0.0382822543672048,0.0233388631365227,0.1212121212121212,0.0756302521008404,0.0254243053637961,0.01550829616189,0.0292270956561824,312,311
retailhero,Y,dragonnet,4,3000,1000,1000,5,7.0563629000007495,0.0110655000007682,0.0522681023600852,0.0053764394418944,0.0385207472202021,0.023405065990461,0.1434343434343434,0.0682068206820681,0.0254243053637961,0.0111279863119125,0.0275755549501838,312,311
retailhero,Y,causalpfn,4,3000,1000,1000,5,8.965604900000471,20.84766010000021,0.063713781930564,0.0065537732325506,0.0471077476852456,0.0257887178710544,0.0746753246753246,0.0949854869382444,0.0254243053637961,0.0257690911889076,0.0163335900065115,312,311
