dataset,outcome,model,seed,n_train,n_validation,n_test,n_features,fit_seconds,predict_seconds,qini_auc_normalized,qini_coefficient,uplift_auc_normalized,auuc,uplift_at_10pct,uplift_at_20pct,ate_test,cate_mean,cate_std,test_events_control,test_events_treated,metrics_implementation
criteo,conversion,constant_ate,0,2993,1009,998,10,0.0002090999987558,1.9299999621580355e-05,0.0,0.0,0.0,0.002403846153846154,0.0,0.0,0.004807692307692308,0.0019516003122560497,2.168404344971009e-19,0,4,scikit-uplift-compatible
criteo,conversion,s_learner,0,2993,1009,998,10,3.629621500000212,0.0586316000008082,0.869215291750503,0.0017349327914345726,0.0236700453711956,0.004410139742495504,0.046511627906976744,0.023391812865497075,0.004807692307692308,0.0001370007049784822,0.003283464287759448,0,4,scikit-uplift-compatible
criteo,conversion,t_learner,0,2993,1009,998,10,0.8076860000001034,0.0262266999998246,0.8832997987927566,0.0017630451283328179,0.023773518609358044,0.004418910223965502,0.03529411764705882,0.023121387283236993,0.004807692307692308,0.00022979343823989335,0.0044989084307699,0,4,scikit-uplift-compatible
criteo,conversion,x_learner,0,2993,1009,998,10,9.968249999999898,0.0994168999986868,0.9144869215291751,0.0018252938743217898,0.025812379045209825,0.004591725804014119,0.047058823529411764,0.024242424242424242,0.004807692307692308,0.0009757034918141386,0.004490196337841225,0,4,scikit-uplift-compatible
criteo,conversion,dr_learner,0,2993,1009,998,10,12.506579699998838,0.141284799999994,-0.4461770623742455,-0.0008905586724551307,-0.012756730893739068,0.0013225745718584338,0.011627906976744186,0.005952380952380952,0.004807692307692308,0.002095701699061211,0.018260437540069552,0,4,scikit-uplift-compatible
criteo,conversion,tarnet,0,2993,1009,998,10,25.989630699999907,0.0064390000006824,0.8883299798792756,0.0017730852486536198,0.024316862954034613,0.004464964562183208,0.03488372093023256,0.023255813953488372,0.004807692307692308,0.0005754640580501123,0.003557962962792625,0,4,scikit-uplift-compatible
criteo,conversion,dragonnet,0,2993,1009,998,10,9.102317400000176,0.0298956999995425,0.8314889336016097,0.0016596318890285582,0.023351146669870808,0.004383109611802339,0.036585365853658534,0.017857142857142856,0.004807692307692308,6.393575203910149e-05,0.005749497974210419,0,4,scikit-uplift-compatible
criteo,conversion,causalpfn,0,2993,1009,998,10,7.502288199999384,10.033578099999431,0.9471830985915493,0.0018905546564070023,0.025855967920721576,0.004595420434932828,0.046511627906976744,0.023529411764705882,0.004807692307692308,0.0022017089263927977,0.00640399067702329,0,4,scikit-uplift-compatible
criteo,conversion,constant_ate,1,2998,999,1003,10,0.0002806000011332,2.739999945333693e-05,0.0,0.0,0.0,0.0017667844522968198,0.0,0.0,0.0035335689045936395,0.0019500780031201242,6.505213034913027e-19,0,3,scikit-uplift-compatible
criteo,conversion,s_learner,1,2998,999,1003,10,3.111758300001384,0.0325558999993518,0.0,0.0,0.0,0.0017667844522968198,0.0,0.0,0.0035335689045936395,0.0,0.0,0,3,scikit-uplift-compatible
criteo,conversion,t_learner,1,2998,999,1003,10,0.3446675000013783,0.0122182000013708,0.7526666666666667,0.0011222563615236048,0.016989022417677344,0.00309173535668656,0.023529411764705882,0.012048192771084338,0.0035335689045936395,0.0010129951312598975,0.029605441553174926,0,3,scikit-uplift-compatible
criteo,conversion,x_learner,1,2998,999,1003,10,4.697494000000006,0.1063900000008288,0.4186666666666667,0.0006242488884294276,0.009882594802235203,0.002537514668493039,0.024390243902439025,0.012422360248447204,0.0035335689045936395,0.0003251652027546916,0.002077066740552988,0,3,scikit-uplift-compatible
criteo,conversion,dr_learner,1,2998,999,1003,10,10.012612700000318,0.1276787999995576,0.815,0.0012151978759633363,0.018163948376752028,0.003183366244785642,0.023809523809523808,0.011764705882352941,0.0035335689045936395,0.0019613622640330844,0.01595935364127389,0,3,scikit-uplift-compatible
criteo,conversion,tarnet,1,2998,999,1003,10,16.229347500000586,0.0125648999983241,0.8173333333333334,0.0012186769700867487,0.018419527763904476,0.003203298535874896,0.022988505747126436,0.011764705882352941,0.0035335689045936395,0.001946941328375769,0.019953072147586702,0,3,scikit-uplift-compatible
criteo,conversion,dragonnet,1,2998,999,1003,10,14.210914100000082,0.0158222999998542,0.8233333333333334,0.0012276232121183808,0.018559714448920434,0.0032142315060322622,0.022727272727272728,0.012048192771084338,0.0035335689045936395,0.0032997484678767256,0.03697216022886078,0,3,scikit-uplift-compatible
criteo,conversion,causalpfn,1,2998,999,1003,10,8.825346800000261,11.84531160000006,0.6546666666666666,0.0009761344083402833,0.014542300202851459,0.0029009187969326043,0.022988505747126436,0.011764705882352941,0.0035335689045936395,0.0019212688262744298,0.0049789217534976895,0,3,scikit-uplift-compatible
criteo,conversion,constant_ate,2,3001,999,1000,10,0.0002617999998619,2.689999928406905e-05,0.0,0.0,0.0,0.0017482517482517483,0.0,0.0,0.0034965034965034965,0.0035115099492781885,1.3010426069826053e-18,0,3,scikit-uplift-compatible
criteo,conversion,s_learner,2,3001,999,1000,10,3.5431341999992583,0.0306388999997579,0.6656636576395855,0.0009955,0.01631601419449289,0.00292702672480318,0.02247191011235955,0.011904761904761904,0.0034965034965034965,0.0004131471289274308,0.005240675557684391,0,3,scikit-uplift-compatible
criteo,conversion,t_learner,2,3001,999,1000,10,0.624782700000651,0.028810899999371,0.28117686392510866,0.0004205,0.0065595966742894455,0.0022221596723164534,0.011235955056179775,0.011494252873563218,0.0034965034965034965,0.001306098534742722,0.015998147981412827,0,3,scikit-uplift-compatible
criteo,conversion,x_learner,2,3001,999,1000,10,7.34894820000045,0.2507334000001719,0.39752591106653296,0.0005945,0.008988173673652384,0.0023976158689924558,0.02247191011235955,0.011363636363636364,0.0034965034965034965,0.0009424901672502182,0.003902592208963732,0,3,scikit-uplift-compatible
criteo,conversion,dr_learner,2,3001,999,1000,10,14.94741840000097,0.0585663000001659,-0.17485790705449683,-0.0002615,-0.004481344622945234,0.0014244902682810981,0.011111111111111112,0.005780346820809248,0.0034965034965034965,0.005018039155440981,0.025510019676513278,0,3,scikit-uplift-compatible
criteo,conversion,tarnet,2,3001,999,1000,10,13.52431009999964,0.0126565999999002,-0.18020728853226345,-0.0002695,-0.004327466605864682,0.0014356074169801433,0.011494252873563218,0.006060606060606061,0.0034965034965034965,0.0022870584309785044,0.02037334450245476,0,3,scikit-uplift-compatible
criteo,conversion,dragonnet,2,3001,999,1000,10,8.719246900000144,0.0202105000007577,0.5239050484787696,0.0007835,0.012727349695145936,0.002667758262503332,0.011627906976744186,0.005917159763313609,0.0034965034965034965,0.002702431663619791,0.023397919361528532,0,3,scikit-uplift-compatible
criteo,conversion,causalpfn,2,3001,999,1000,10,8.303500599999097,11.680192499999976,0.7345369441658308,0.0010985,0.01802436489366916,0.0030504490895644724,0.023809523809523808,0.011834319526627219,0.0034965034965034965,0.007038973501417786,0.03617920966373814,0,3,scikit-uplift-compatible
criteo,conversion,constant_ate,3,3002,999,999,10,0.0008906000002752,7.829999958630651e-05,0.0,0.0,0.0,0.0011723329425556857,0.0,0.0,0.0023446658851113715,-0.003484030875632309,0.0,0,2,scikit-uplift-compatible
criteo,conversion,s_learner,3,3002,999,999,10,4.552701800001159,0.0749149000002944,-0.9869608826479438,-0.0009859709559409259,-0.015625748508855595,1.7583953711422882e-05,0.0,0.0,0.0023446658851113715,-0.00035495706861439524,0.0065821381015735885,0,2,scikit-uplift-compatible
criteo,conversion,t_learner,3,3002,999,999,10,3.1087705999998434,0.0826297999992675,0.009027081243731194,9.018027036045055e-06,-6.112353605522507e-05,0.0011678158890900962,0.011904761904761904,0.005714285714285714,0.0023446658851113715,-0.0010662371123343877,0.04719555349643463,0,2,scikit-uplift-compatible
criteo,conversion,x_learner,3,3002,999,999,10,11.988784899998793,0.1728050999990955,-0.966900702106319,-0.0009659308958608258,-0.015309559684662629,4.0950432751691536e-05,0.0,0.0,0.0023446658851113715,-0.00316492435459094,0.014023652213734179,0,2,scikit-uplift-compatible
criteo,conversion,dr_learner,3,3002,999,999,10,12.509644300000218,0.0473824999990029,0.023069207622868605,2.304606909211514e-05,0.00036568295524286244,0.001199357057436644,0.012195121951219513,0.005847953216374269,0.0023446658851113715,-0.002618544556716103,0.05826398971151527,0,2,scikit-uplift-compatible
criteo,conversion,tarnet,3,3002,999,999,10,14.6194499000012,0.010159499999645,-0.0010030090270812437,-1.002003004005006e-06,-0.00010128002779470396,0.001164848308483931,0.011904761904761904,0.0058823529411764705,0.0023446658851113715,-0.001020508391814513,0.009017860483135342,0,2,scikit-uplift-compatible
criteo,conversion,dragonnet,3,3002,999,999,10,8.7587738000002,0.0065152000006492,0.0,0.0,-6.095798680783286e-05,0.0011678281232448903,0.012195121951219513,0.005780346820809248,0.0023446658851113715,-0.0008677085447875602,0.00819208496816567,0,2,scikit-uplift-compatible
criteo,conversion,causalpfn,3,3002,999,999,10,9.509482499999647,13.928194699999947,-0.9829488465396189,-0.000981962943924906,-0.01556208261400723,2.22888884963611e-05,0.0,0.0,0.0023446658851113715,-0.0012442387770525776,0.005410468356923804,0,2,scikit-uplift-compatible
criteo,conversion,constant_ate,4,3002,998,1000,10,0.0002993999987666,3.300000025774352e-05,0.0,0.0,0.0,0.00294811320754717,0.011627906976744186,0.005494505494505495,0.00589622641509434,-0.006078923919419332,0.0,0,5,scikit-uplift-compatible
criteo,conversion,s_learner,4,3002,998,1000,10,3.3489890999990166,0.0259925999998813,0.04562814070351759,0.0001135,0.002037444929852922,0.0031071095954663705,0.025,0.012658227848101266,0.00589622641509434,-0.0035144139369018266,0.036341627165196545,0,5,scikit-uplift-compatible
criteo,conversion,t_learner,4,3002,998,1000,10,1.052911499999027,0.0521758000031695,-0.08241206030150754,-0.000205,-0.0035364319687692107,0.002672140148880558,0.023529411764705882,0.011834319526627219,0.00589622641509434,-0.00448150540695104,0.06548440720058116,0,5,scikit-uplift-compatible
criteo,conversion,x_learner,4,3002,998,1000,10,8.709718599999178,0.1022848000029625,-0.49748743718592964,-0.0012375,-0.018280648952234392,0.001521543532147893,0.012658227848101266,0.006060606060606061,0.00589622641509434,-0.009521038081436548,0.0382783730321079,0,5,scikit-uplift-compatible
criteo,conversion,dr_learner,4,3002,998,1000,10,15.891497199998412,0.0628885000005539,-0.8010050251256281,-0.0019925,-0.0301267848491113,0.0005971048929453248,0.0,0.0,0.00589622641509434,-0.01916339715484663,0.15175609535761944,0,5,scikit-uplift-compatible
criteo,conversion,tarnet,4,3002,998,1000,10,13.81860130000132,0.0095271000027423,-0.8637185929648241,-0.0021485,-0.03245430969563575,0.00041547149615148176,0.0,0.0,0.00589622641509434,-0.009043985252341373,0.06733850678773501,0,5,scikit-uplift-compatible
criteo,conversion,dragonnet,4,3002,998,1000,10,8.41515419999996,0.008230999999796,-0.8592964824120602,-0.0021375,-0.03229371799801824,0.0004280036139412084,0.0,0.0,0.00589622641509434,-0.007161456115543842,0.049380129844352784,0,5,scikit-uplift-compatible
criteo,conversion,causalpfn,4,3002,998,1000,10,10.357131400000071,12.822650999998586,-0.9051256281407035,-0.0022515,-0.0340252575313827,0.00029287921017922695,0.0,0.0,0.00589622641509434,-0.006990636092144996,0.044239801027759235,0,5,scikit-uplift-compatible
hillstrom,conversion,constant_ate,0,3000,1000,1000,18,0.000415200000134,3.2300000384566374e-05,0.0,0.0,0.0,0.004468499225520346,0.015625,0.007518796992481203,0.008936998451040692,0.008945999025057627,1.734723475976807e-18,1,8,scikit-uplift-compatible
hillstrom,conversion,s_learner,0,3000,1000,1000,18,4.462782500000685,0.0549140000002807,-0.10795568590668059,-0.0005373562757527806,-0.004337065418746766,0.0037384793535870206,0.0,0.0,0.008936998451040692,0.006944764166644519,0.05790222713864554,1,8,scikit-uplift-compatible
hillstrom,conversion,t_learner,0,3000,1000,1000,18,5.442949899999803,0.1031411999992997,0.045682480658805834,0.00022738744576347744,0.002461175939871643,0.004882767208812527,0.0,0.007874015748031496,0.008936998451040692,0.008534876659749446,0.0695123291651036,1,8,scikit-uplift-compatible
hillstrom,conversion,x_learner,0,3000,1000,1000,18,18.201080700000603,0.1744180999994569,-0.13095044941140888,-0.0006518141699798425,-0.00554656973641159,0.003534894186697927,0.0,0.0,0.008936998451040692,0.004873444812494803,0.029607753496344466,1,8,scikit-uplift-compatible
hillstrom,conversion,dr_learner,0,3000,1000,1000,18,22.416581100000258,0.0519604000000981,-0.0748733624220268,-0.00037268691172938725,-0.0027811556962632367,0.004000371879219123,0.0,0.0,0.008936998451040692,0.006585314569800834,0.05259205984992826,1,8,scikit-uplift-compatible
hillstrom,conversion,tarnet,0,3000,1000,1000,18,21.69633889999932,0.0104167999998026,-0.1757896130004994,-0.000875003951525312,-0.0076627523452996345,0.0031786958802461924,0.0,0.007518796992481203,0.008936998451040692,0.006178143341443502,0.041039122214066776,1,8,scikit-uplift-compatible
hillstrom,conversion,dragonnet,0,3000,1000,1000,18,14.510414599999422,0.0094288000000233,-0.1449905116424955,-0.0007216994704943113,-0.006380602638369546,0.0033945088031517726,0.0,0.014705882352941176,0.008936998451040692,0.006588055299594999,0.03388078470214689,1,8,scikit-uplift-compatible
hillstrom,conversion,causalpfn,0,3000,1000,1000,18,6.666642899999715,17.562861299998985,0.18983295443389783,0.0009449055744773341,0.008415292732366757,0.005884971039897311,0.013513513513513514,0.0072992700729927005,0.008936998451040692,0.00544855098053813,0.0019821444238242903,1,8,scikit-uplift-compatible
hillstrom,conversion,constant_ate,1,3000,1000,1000,18,0.0003909000006387,2.769999991869554e-05,0.0,0.0,0.0,-0.0006052002723401229,0.014925373134328358,0.007936507936507936,-0.0012104005446802457,-0.0011901958728004133,0.0,3,5,scikit-uplift-compatible
hillstrom,conversion,s_learner,1,3000,1000,1000,18,4.487484100000074,0.0647454999998444,-0.03189410057560011,-0.0001715146879786492,-0.0014880410028562231,-0.0008642292542915891,0.0,-0.005824614388954805,-0.0012104005446802457,0.00016358630975414233,0.022606930328223092,3,5,scikit-uplift-compatible
hillstrom,conversion,t_learner,1,3000,1000,1000,18,5.417037300001539,0.0965460999996139,0.0703529867934045,0.0003783323674431524,0.0033177150687103293,-2.7672936061399015e-05,0.0,0.0,-0.0012104005446802457,-0.0025706151321651244,0.0574449696027593,3,5,scikit-uplift-compatible
hillstrom,conversion,x_learner,1,3000,1000,1000,18,18.02632760000052,0.136068099998738,-0.1973352502471399,-0.0010611960601648043,-0.009132379525395707,-0.0021949084636581732,0.0,0.0,-0.0012104005446802457,-0.0025510265223336395,0.03487618354514738,3,5,scikit-uplift-compatible
hillstrom,conversion,dr_learner,1,3000,1000,1000,18,34.438721699998496,0.1065461999987746,0.019783957146038277,0.00010639081133021966,0.0009428734990654233,-0.0004410706804114444,0.015151515151515152,0.007352941176470588,-0.0012104005446802457,0.0007086858945998943,0.06093954843163934,3,5,scikit-uplift-compatible
hillstrom,conversion,tarnet,1,3000,1000,1000,18,15.321243800000955,0.0218969000015931,0.004685424914203354,2.5196483917209717e-05,0.00030596355224373693,-0.0005519400279652526,0.0,0.0,-0.0012104005446802457,-0.001706401705276221,0.0021120820773426357,3,5,scikit-uplift-compatible
hillstrom,conversion,dragonnet,1,3000,1000,1000,18,9.645881599999484,0.0084778000000369,-0.06635098713661332,-0.0003568110920336706,-0.002916654271247476,-0.001112913423480103,0.0,0.0,-0.0012104005446802457,-0.0010583026905078442,0.0019878162213819886,3,5,scikit-uplift-compatible
hillstrom,conversion,causalpfn,1,3000,1000,1000,18,9.090648800000054,20.027136699998664,0.01698316820371095,9.132920329400424e-05,0.0006029121566795061,-0.0005002490499940375,-0.02631578947368421,-0.014084507042253521,-0.0012104005446802457,-0.0032245820011012256,0.001146499557358572,3,5,scikit-uplift-compatible
hillstrom,conversion,constant_ate,2,3000,1000,1000,18,0.0003832000002148,2.75999991572462e-05,0.0,0.0,0.0,0.0015262035686230504,0.0,0.0,0.003052407137246101,0.005526235514787634,8.673617379884035e-19,2,6,scikit-uplift-compatible
hillstrom,conversion,s_learner,2,3000,1000,1000,18,4.466017700000521,0.0720285999996122,-0.11085792056676443,-0.0005501994419436573,-0.004796719539143679,0.0007078168295295158,-0.013186813186813185,0.00044563279857397567,0.003052407137246101,-0.0012322040440564716,0.05323211970245039,2,6,scikit-uplift-compatible
hillstrom,conversion,t_learner,2,3000,1000,1000,18,4.216422199999215,0.0867798999988735,-0.26661145997069563,-0.0013232205307632159,-0.011580274787952507,-0.0004495515790734531,-0.027777777777777776,-0.015873015873015872,0.003052407137246101,-0.002535000680847679,0.06316110871724755,2,6,scikit-uplift-compatible
hillstrom,conversion,x_learner,2,3000,1000,1000,18,18.617416499999308,0.1733488000008947,-0.33538105350962905,-0.0016645312083798495,-0.014607601567496482,-0.0009660554253091283,0.0,-0.015873015873015872,0.003052407137246101,0.00112118185559216,0.030659800060741732,2,6,scikit-uplift-compatible
hillstrom,conversion,dr_learner,2,3000,1000,1000,18,29.168187400000534,0.0614781999993283,-0.2546725121641546,-0.001263966285446597,-0.011136647561150043,-0.00037386263446177986,0.014492753623188406,-0.0071301247771836,0.003052407137246101,0.004449583997719756,0.049869803577745876,2,6,scikit-uplift-compatible
hillstrom,conversion,tarnet,2,3000,1000,1000,18,10.556252100001076,0.0265050999987579,0.3885517563747506,0.0019284229618475083,0.016460211563782527,0.004334543467703018,0.029411764705882353,0.014388489208633094,0.003052407137246101,-0.001668859359342605,0.00033117762142515443,2,6,scikit-uplift-compatible
hillstrom,conversion,dragonnet,2,3000,1000,1000,18,10.297364000000016,0.0467444999994768,-0.4312876767788966,-0.002140525799760193,-0.020118839873508536,-0.0019063489548386393,-0.045454545454545456,-0.023529411764705882,0.003052407137246101,0.005461679284926504,0.002717779944562695,2,6,scikit-uplift-compatible
hillstrom,conversion,causalpfn,2,3000,1000,1000,18,10.58466220000082,20.54195510000136,-0.10896107613234916,-0.0005407852048378776,-0.0049616211485439335,0.0006796823327579073,-0.025,-0.0125,0.003052407137246101,0.0030814594593830407,0.0013308858416076579,2,6,scikit-uplift-compatible
hillstrom,conversion,constant_ate,3,3000,1000,1000,18,0.0003176999998686,4.609999996318948e-05,0.0,0.0,0.0,0.0020738918283631576,0.0,0.010296010296010294,0.004147783656726314,0.0006581245680740631,1.0842021724855044e-19,2,7,scikit-uplift-compatible
hillstrom,conversion,s_learner,3,3000,1000,1000,18,5.813681800000268,0.0783062000009522,-0.21248795791593197,-0.0011829806556751118,-0.01094012869645876,0.0002680107105022666,-0.022727272727272728,0.004166666666666666,0.004147783656726314,0.0008423546016318848,0.0404207579423756,2,7,scikit-uplift-compatible
hillstrom,conversion,t_learner,3,3000,1000,1000,18,9.118518499999482,0.1150925000001734,-0.1205196982080171,-0.0006709673009530901,-0.006399000952420937,0.001017612207366435,-0.021739130434782608,-0.010666666666666668,0.004147783656726314,-0.0010282831455848305,0.05103889057888081,2,7,scikit-uplift-compatible
hillstrom,conversion,x_learner,3,3000,1000,1000,18,21.53588690000106,0.159890599999926,-0.30720867870337765,-0.0017103177409488282,-0.01579236444563217,-0.0005329452162482317,-0.023809523809523808,-0.01282051282051282,0.004147783656726314,-0.003654713246956167,0.035083480839787566,2,7,scikit-uplift-compatible
hillstrom,conversion,dr_learner,3,3000,1000,1000,18,37.22504909999952,0.0476393999997526,-0.3001713275454288,-0.00167113881349949,-0.015596195736270706,-0.0005005637536548643,-0.025,-0.013333333333333334,0.004147783656726314,0.0003341995224082046,0.06499710474926321,2,7,scikit-uplift-compatible
hillstrom,conversion,tarnet,3,3000,1000,1000,18,11.897734800000762,0.0091787999990629,-0.16741543860287328,-0.0009320491724378987,-0.00833920709415611,0.0006973434305236702,-0.011154011154011156,0.0007744219493306774,0.004147783656726314,0.00027957056486047803,0.00027414313012168244,2,7,scikit-uplift-compatible
hillstrom,conversion,dragonnet,3,3000,1000,1000,18,6.408038499999748,0.0102893999992375,-0.11687577548079807,-0.0006506805508739139,-0.005778373269130547,0.0011200588828647455,-0.013186813186813185,-0.006076388888888888,0.004147783656726314,0.0006149500841274858,0.0005090058299036961,2,7,scikit-uplift-compatible
hillstrom,conversion,causalpfn,3,3000,1000,1000,18,9.863777699998536,20.65890380000019,-0.08605143377469232,-0.00047907270862306315,-0.004034224721733547,0.0014079645388108484,0.015873015873015872,0.015503875968992248,0.004147783656726314,-0.0016659977789968252,0.0014478626955141522,2,7,scikit-uplift-compatible
hillstrom,conversion,constant_ate,4,3000,1000,1000,18,0.0003706999996211,2.7000001864507794e-05,0.0,0.0,0.0,0.005186651506846833,0.014285714285714285,0.015037593984962405,0.010373303013693666,0.00736471857116411,8.673617379884035e-19,1,9,scikit-uplift-compatible
hillstrom,conversion,s_learner,4,3000,1000,1000,18,4.572436999998899,0.0571182999992743,0.2951198275096033,0.0016167363827162872,0.01622552047556704,0.007905917920766184,0.015151515151515152,0.03361344537815126,0.010373303013693666,0.002752196629766301,0.03256615683910205,1,9,scikit-uplift-compatible
hillstrom,conversion,t_learner,4,3000,1000,1000,18,5.427487799999653,0.1883765999991737,0.20224444506096648,0.0011079430185750225,0.011029805275142537,0.0070351579434773295,0.01639344262295082,0.01694915254237288,0.010373303013693666,0.003986199499793522,0.04588976731424669,1,9,scikit-uplift-compatible
hillstrom,conversion,x_learner,4,3000,1000,1000,18,18.59680799999842,0.086141800002224,0.30241484013200287,0.0016567001913784624,0.01519029973034095,0.007732423270303361,0.015873015873015872,0.007462686567164179,0.010373303013693666,0.0040000001389884745,0.0237784219286294,1,9,scikit-uplift-compatible
hillstrom,conversion,dr_learner,4,3000,1000,1000,18,41.36380329999884,0.0609943000017665,0.2613829705776029,0.001431917882039018,0.013352131053205152,0.007424361020196758,0.030303030303030304,0.015151515151515152,0.010373303013693666,0.008755082525201399,0.04860840286992534,1,9,scikit-uplift-compatible
hillstrom,conversion,tarnet,4,3000,1000,1000,18,18.006270999998378,0.0068143000025884,0.19404933974974956,0.0010630482887676708,0.0082810772996913,0.0065744932963308494,0.014285714285714285,0.02097902097902098,0.010373303013693666,0.0076822766668628905,0.0045621550426566725,1,9,scikit-uplift-compatible
hillstrom,conversion,dragonnet,4,3000,1000,1000,18,8.78601869999693,0.0126025000026857,0.051392990681673835,0.0002815429873106627,0.0014168317814248041,0.005424101090248708,0.015151515151515152,0.014184397163120567,0.010373303013693666,0.00834255211148411,0.004755425712682319,1,9,scikit-uplift-compatible
hillstrom,conversion,causalpfn,4,3000,1000,1000,18,11.481349099998624,20.469523100000515,0.4284372259095037,0.002347080698315304,0.02029111275396015,0.00858727840790568,0.0,0.015037593984962405,0.010373303013693666,0.003513941937824711,0.0014849757665777853,1,9,scikit-uplift-compatible
lzd,Y,constant_ate,0,2997,1003,1000,64,0.0004801000013685,3.579999975045212e-05,0.0,0.0,0.0,-0.004875971981235142,-0.017135862913096697,-0.03365384615384615,-0.009751943962470283,0.0019606774743615787,0.0,16,13,scikit-uplift-compatible
lzd,Y,s_learner,0,2997,1003,1000,64,7.705012700000225,0.1300019000009342,0.05102814418710419,0.0007839970614976456,0.006206337860582892,-0.0033863886817519164,-0.005711954304365566,-0.00020002000200020076,-0.009751943962470283,-0.0017877893585004437,0.011312654252748468,16,13,scikit-uplift-compatible
lzd,Y,t_learner,0,2997,1003,1000,64,14.07102919999852,0.2093119000001024,0.05362365141972639,0.0008238744678953868,0.00638928168111283,-0.0033424803309778164,0.021346469622331693,-0.0024021619457511786,-0.009751943962470283,-0.007299004811974329,0.06900915792547647,16,13,scikit-uplift-compatible
lzd,Y,x_learner,0,2997,1003,1000,64,31.772633799999312,0.1866654999994352,0.15278896972938194,0.002347451689755169,0.018572440074066936,-0.00041840019148652106,0.05419510236852669,0.016040100250626563,-0.009751943962470283,-0.004704728498246884,0.05871653772143641,16,13,scikit-uplift-compatible
lzd,Y,dr_learner,0,2997,1003,1000,64,51.31868779999968,0.0132582000005641,-0.02414367680450819,-0.0003709437599587818,-0.0030503105474763634,-0.005608077089243489,0.019999999999999997,-0.0109010901090109,-0.009751943962470283,-0.0006801388604562151,0.11744664983239979,16,13,scikit-uplift-compatible
lzd,Y,tarnet,0,2997,1003,1000,64,4.058422299998711,0.0028877000004285,0.047375997101634586,0.000727885426854092,0.005591772936420802,-0.0035338904240102805,0.008080808080808084,0.012019230769230768,-0.009751943962470283,-0.0036207057552819608,0.01352450536287397,16,13,scikit-uplift-compatible
lzd,Y,dragonnet,0,2997,1003,1000,64,2.734565200000361,0.0024506000008841,-0.005657181086289379,-8.691700273771267e-05,-0.0015087700122159804,-0.005238091908226508,0.0,0.003007518796992483,-0.009751943962470283,-0.0038259643377386967,0.012816771077214238,16,13,scikit-uplift-compatible
lzd,Y,causalpfn,0,2997,1003,1000,64,8.27313089999916,8.635927900000752,0.035937374549238586,0.0005521422833100728,0.004101734119277889,-0.003891514676420762,0.0072260136491368865,0.0014001400140013914,-0.009751943962470283,-2.906825579702854e-05,0.006048305632248275,16,13,scikit-uplift-compatible
lzd,Y,constant_ate,1,2994,998,1008,64,0.0004026000005978,3.319999996165279e-05,0.0,0.0,0.0,0.004477134633834346,0.01818181818181818,0.02702702702702703,0.008954269267668694,0.0009732781570933463,0.0,11,17,scikit-uplift-compatible
lzd,Y,s_learner,1,2994,998,1008,64,5.850533200000427,0.0745731000006344,0.01930545090587645,0.00027603105681835486,0.0022267227805942754,0.005013300154437567,0.011641910879164996,0.03445878848063555,0.008954269267668694,0.002312853453475947,0.02271300667776449,11,17,scikit-uplift-compatible
lzd,Y,t_learner,1,2994,998,1008,64,9.918132799999512,0.1504813000010472,-0.05504633894758739,-0.000787057457904742,-0.006064281967918145,0.0030169353998974677,-0.012882447665056362,0.006839809674861225,0.008954269267668694,0.0005018347372279376,0.06794225123854783,11,17,scikit-uplift-compatible
lzd,Y,x_learner,1,2994,998,1008,64,24.4200996999989,0.2345389000001887,0.12663086471743984,0.0018105793842472372,0.014771564675060116,0.008033932872550904,0.06446348429212566,0.014814078345595547,0.008954269267668694,0.0005802990687204651,0.06400908240497424,11,17,scikit-uplift-compatible
lzd,Y,dr_learner,1,2994,998,1008,64,51.4702328000003,0.0773339000006672,0.06971654313311551,0.0009968133441989988,0.008022336268329221,0.006408807556592558,0.041666666666666664,0.013262863980853613,0.008954269267668694,-0.0034692064052769212,0.13576844258160176,11,17,scikit-uplift-compatible
lzd,Y,tarnet,1,2994,998,1008,64,15.465616900000896,0.0175252000008185,-0.11548800549527508,-0.00165125779046172,-0.012936264300343033,0.0013622525552474537,0.02110389610389611,-0.006462517399085307,0.008954269267668694,0.00742612771952577,0.03392730058995483,11,17,scikit-uplift-compatible
lzd,Y,dragonnet,1,2994,998,1008,64,11.840144699999655,0.0212269999992713,-0.08579368026933161,-0.0012266856831544448,-0.009603438857004355,0.002164753030151849,-0.001623376623376624,0.0017921146953404979,0.008954269267668694,0.0039226902479366265,0.04124507452812703,11,17,scikit-uplift-compatible
lzd,Y,causalpfn,1,2994,998,1008,64,14.705356699998449,19.027497800001584,0.06379986802243111,0.0009122161963978076,0.007080842973498622,0.0061821083702517385,0.037615046018407365,0.024159872738118912,0.008954269267668694,0.003394494529828311,0.006126958636917156,11,17,scikit-uplift-compatible
lzd,Y,constant_ate,2,3000,1000,1000,64,0.0003952999995817,2.3799999326001853e-05,0.0,0.0,0.0,0.008387324395407016,0.037615046018407365,0.013687600644122382,0.016774648790814035,0.0025819488100583686,4.336808689942018e-19,12,22,scikit-uplift-compatible
lzd,Y,s_learner,2,3000,1000,1000,64,5.2700012999994215,0.0510075000001961,0.04224289763548064,0.0007301170131909875,0.00569799881936781,0.009768849331143513,0.01645925331192292,0.0311031103110311,0.016774648790814035,-0.00021219347952698624,0.01732161434145018,12,22,scikit-uplift-compatible
lzd,Y,t_learner,2,3000,1000,1000,64,10.576213300000743,0.172470899999098,0.17315047402898268,0.00299269496192093,0.02276661437169243,0.013907270336757644,-0.004817342432757929,0.059983896940418675,0.016774648790814035,0.002569630475461737,0.031334817329291165,12,22,scikit-uplift-compatible
lzd,Y,x_learner,2,3000,1000,1000,64,24.04326729999957,0.2342693000009603,0.0064081391349221075,0.00011075687671036757,0.0018308851908466718,0.008831237008555995,-0.03532717784022481,0.029236818227643915,0.016774648790814035,0.003130973098868684,0.04486959308447934,12,22,scikit-uplift-compatible
lzd,Y,dr_learner,2,3000,1000,1000,64,34.58571389999997,0.143598300001031,-0.06602394021973444,-0.0011411433573591866,-0.009302062158169979,0.006131965762898824,-0.018807523009203683,0.008203281312525013,0.016774648790814035,0.009124949019156859,0.1133470931100738,12,22,scikit-uplift-compatible
lzd,Y,tarnet,2,3000,1000,1000,64,12.300718399999823,0.0097688000005291,0.006362051077946881,0.00010996030080326727,0.0009841112756755132,0.008625929967290238,0.057692307692307696,0.028846153846153848,0.016774648790814035,-0.006459293429274112,0.006717926926289199,12,22,scikit-uplift-compatible
lzd,Y,dragonnet,2,3000,1000,1000,64,6.968150700000479,0.0149519999995391,0.05231539479946982,0.0009042078534597103,0.006430904223247516,0.009946548050131346,0.05357142857142857,0.037092731829573934,0.016774648790814035,-0.0028769834052654914,0.006512347165960797,12,22,scikit-uplift-compatible
lzd,Y,causalpfn,2,3000,1000,1000,64,17.20851550000043,19.416012699999555,-0.059206013478536185,-0.0010233038011953687,-0.008397924074365232,0.006351181201111894,0.010101010101010097,0.01762820512820513,0.016774648790814035,0.0034282698202878236,0.004908730651427701,12,22,scikit-uplift-compatible
lzd,Y,constant_ate,3,3000,1003,997,64,0.0014561000007233,0.0004776999994646,0.0,0.0,0.0,0.0038805116556312716,0.05084745762711865,0.04783576051779936,0.007761023311262542,0.0005793043089991345,0.0,17,22,scikit-uplift-compatible
lzd,Y,s_learner,3,3000,1003,997,64,6.2749094999999215,0.1357680999990407,0.15683663781863835,0.003085285056984616,0.023888944778397276,0.009804470245379586,0.034864643150123054,0.05528504767701359,0.007761023311262542,-0.0022818751700453836,0.01820527036272281,17,22,scikit-uplift-compatible
lzd,Y,t_learner,3,3000,1003,997,64,9.684505100000024,0.164619400000447,-0.032038699371889086,-0.0006302642149955902,-0.004038819664718429,0.002878968863883969,-0.060134566862909994,0.01376518218623482,0.007761023311262542,-0.0056705767778668,0.07374593941483214,17,22,scikit-uplift-compatible
lzd,Y,x_learner,3,3000,1003,997,64,22.240011000001687,0.2307476999994833,-0.03644164144053665,-0.0007168787430810227,-0.005227207622062329,0.00258427350947773,-0.04545454545454544,-0.02273190621814475,0.007761023311262542,-0.0049270556512373545,0.053769443022711194,17,22,scikit-uplift-compatible
lzd,Y,dr_learner,3,3000,1003,997,64,51.90598580000005,0.0447542000001703,-0.127362000252385,-0.002505460979473105,-0.019095092145357328,-0.0008546717602062499,-0.05909090909090909,-0.025491400491400487,0.007761023311262542,-0.002957961895628311,0.10905013717572136,17,22,scikit-uplift-compatible
lzd,Y,tarnet,3,3000,1003,997,64,16.259253299998818,0.0175118999995902,-0.13474675826863042,-0.0026507336904535344,-0.020557093584168556,-0.0012172175344968808,-0.03636363636363637,-0.03337378640776699,0.007761023311262542,-0.001753880009981089,0.030929393749983727,17,22,scikit-uplift-compatible
lzd,Y,dragonnet,3,3000,1003,997,64,11.893763899999612,0.0058554999995976,-0.13397879095296153,-0.0026356262632844713,-0.020439888469533447,-0.001188153117795104,-0.03035274815422477,-0.03621424223980523,0.007761023311262542,-0.0012983010811560742,0.02650548527116147,17,22,scikit-uplift-compatible
lzd,Y,causalpfn,3,3000,1003,997,64,18.670046699999148,20.15373719999843,0.17724922081364256,0.0034868407021762166,0.026739418941259068,0.010511328210793397,-0.009090909090909094,0.02668308702791461,0.007761023311262542,1.6114815561438995e-05,0.0049654239223206375,17,22,scikit-uplift-compatible
lzd,Y,constant_ate,4,3001,999,1000,64,0.0012456999993446,7.6299998909235e-05,0.0,0.0,0.0,-0.010676691729323307,-0.02040816326530612,-0.012110899809828844,-0.021353383458646614,0.004961470518193096,8.673617379884035e-19,21,12,scikit-uplift-compatible
lzd,Y,s_learner,4,3001,999,1000,64,5.356881699999576,0.073315999999977,0.061559547625260516,0.0010643370386431324,0.00862606523920833,-0.008567323953695673,0.002400960384153661,-0.015224358974358969,-0.021353383458646614,-0.0013999353940115835,0.020600399112994522,21,12,scikit-uplift-compatible
lzd,Y,t_learner,4,3001,999,1000,64,9.328167499999836,0.1102088000006915,0.16216525947789973,0.002803764788756804,0.021339757056950442,-0.005458391771301563,0.048484848484848485,0.007034468897598234,-0.021353383458646614,-0.00630189975342855,0.07022575336783757,21,12,scikit-uplift-compatible
lzd,Y,x_learner,4,3001,999,1000,64,21.06001659999856,0.2303410999993502,0.13130770582035659,0.0022702514907129404,0.017825250684562748,-0.006317808699364694,-0.01762820512820513,-0.0091009100910091,-0.021353383458646614,-0.002499729090439339,0.059273357534148655,21,12,scikit-uplift-compatible
lzd,Y,dr_learner,4,3001,999,1000,64,44.20941309999944,0.0509239000002708,-0.012315469798251488,-0.00021292896325949005,-0.0019591126845646956,-0.011155761739930296,-0.024242424242424246,-0.033329996997297565,-0.021353383458646614,0.005851914712267263,0.1018264406216725,21,12,scikit-uplift-compatible
lzd,Y,tarnet,4,3001,999,1000,64,12.46498210000027,0.0319155999986833,0.18181953411234725,0.0031435784044845914,0.02460754085598403,-0.004659306944992957,0.04321728691476591,0.019001900190018996,-0.021353383458646614,0.002754381498147268,0.013466277325444987,21,12,scikit-uplift-compatible
lzd,Y,dragonnet,4,3001,999,1000,64,8.53109890000087,0.0098539999999047,0.057697441267434854,0.00099756294750075,0.007786741896562438,-0.008772567197656091,0.004801920768307322,-0.008430349257326372,-0.021353383458646614,0.008173374914302258,0.0391937043567768,21,12,scikit-uplift-compatible
lzd,Y,causalpfn,4,3001,999,1000,64,17.26504879999993,19.98267510000005,0.034105663903163816,0.000589671671088693,0.004468324821955676,-0.009584033590403943,0.0,-0.03232323232323232,-0.021353383458646614,0.0018907192992046475,0.014316766461776705,21,12,scikit-uplift-compatible
retailhero,Y,constant_ate,0,3000,1000,1000,5,0.0003225000000384,2.3400001737172715e-05,0.0,0.0,0.0,0.02048432774924397,0.028846153846153855,0.07422969187675077,0.04096865549848794,0.041147123856931755,0.0,303,326,scikit-uplift-compatible
retailhero,Y,s_learner,0,3000,1000,1000,5,5.083561800000098,0.1144019999992451,-0.015384154660727237,-0.0033276796755323285,-0.023952630165696605,0.013896211117710182,0.06321839080459768,-0.012601260126012592,0.04096865549848794,0.03443288111343888,0.08644147326078647,303,326,scikit-uplift-compatible
retailhero,Y,t_learner,0,3000,1000,1000,5,10.658308600000964,0.1830820000013773,-0.031419916747568694,-0.006796305723233,-0.049401031947690424,0.006896685893711398,-0.03875968992248058,-0.0543401552575864,0.04096865549848794,0.0363787142021624,0.23266309316549633,303,326,scikit-uplift-compatible
retailhero,Y,x_learner,0,3000,1000,1000,5,20.367125900000246,0.0764750999987882,-0.023765883302729923,-0.005140694993105911,-0.037980373759026353,0.010037912040289448,-0.0024803637866886996,-0.0780998389694042,0.04096865549848794,0.03439566804365885,0.1940094435106145,303,326,scikit-uplift-compatible
retailhero,Y,dr_learner,0,3000,1000,1000,5,50.68329210000047,0.0384846999986621,-0.007188509483715346,-0.0015549152640409137,-0.011205297535739104,0.017402336062075932,0.004025764895330131,0.01041666666666663,0.04096865549848794,0.040523047887529674,0.27335728698524203,303,326,scikit-uplift-compatible
retailhero,Y,tarnet,0,3000,1000,1000,5,7.931664300000193,0.0026828000009118,0.008065333490468007,0.0017445772565674324,0.013342575767681305,0.02415417296935049,0.03434343434343434,0.09012444801284625,0.04096865549848794,0.04686910519003868,0.0452782212939118,303,326,scikit-uplift-compatible
retailhero,Y,dragonnet,0,3000,1000,1000,5,2.2226252000000386,0.0060336999995342,-0.0013233639237363152,-0.00028625110247961313,-0.0012830890594629932,0.0201314170119299,0.11217948717948723,0.07026918036092356,0.04096865549848794,0.03672706678509712,0.033008298291857176,303,326,scikit-uplift-compatible
retailhero,Y,causalpfn,0,3000,1000,1000,5,8.957409099999495,18.0699792000014,0.003976718796570904,0.0008601867705112381,0.005276078056508781,0.021935501058934867,0.04601840736294516,0.03621448579431774,0.04096865549848794,0.04284373241662979,0.007424631893970414,303,326,scikit-uplift-compatible
retailhero,Y,constant_ate,1,3000,1000,1000,5,0.0004189999999653,2.89999989036005e-05,0.0,0.0,0.0,0.017244068976275895,0.2548076923076923,0.21752175217521752,0.03448813795255179,0.03216223651654959,0.0,303,319,scikit-uplift-compatible
retailhero,Y,s_learner,1,3000,1000,1000,5,4.25839150000138,0.0585360999994009,0.021380814889472747,0.004571078415885086,0.032045203683092556,0.026091532342000835,0.25050020008003204,0.056305630563056264,0.03448813795255179,0.029240295869610328,0.09784337658727424,303,319,scikit-uplift-compatible
retailhero,Y,t_learner,1,3000,1000,1000,5,8.12308850000045,0.1583479000000807,0.009736196743134914,0.0020815351994496484,0.015710051584252892,0.02158150765321155,0.06821000413393963,0.0375037503750375,0.03448813795255179,0.03704681183025298,0.25648483523672677,303,319,scikit-uplift-compatible
retailhero,Y,x_learner,1,3000,1000,1000,5,25.96464089999972,0.2863848000015423,0.010142772697047678,0.002168458479827685,0.01612984460510365,0.02169740965870024,0.09443777511004403,0.037092731829573955,0.03448813795255179,0.042160059473886645,0.21737448069584095,303,319,scikit-uplift-compatible
retailhero,Y,dr_learner,1,3000,1000,1000,5,51.37121250000018,0.0387152999992395,0.0038717564236445175,0.0008277562062613379,0.00627220228877981,0.018975781482184362,0.020000000000000018,-0.03601440576230497,0.03448813795255179,0.029145442256647145,0.27535469885018526,303,319,scikit-uplift-compatible
retailhero,Y,tarnet,1,3000,1000,1000,5,16.222899500000494,0.0093495000000984,0.02685802397296143,0.005742069902891138,0.041074224346581215,0.028584383700930943,0.10236852669610597,0.08780878087808786,0.03448813795255179,0.03177317979931831,0.06121601755420535,303,319,scikit-uplift-compatible
retailhero,Y,dragonnet,1,3000,1000,1000,5,13.195757199999209,0.0096570999994582,0.02341215323099498,0.005005365270539253,0.03575128530012409,0.027114756337121616,-0.07371794871794879,0.057705770577057725,0.03448813795255179,0.03516995742917061,0.057862682024181475,303,319,scikit-uplift-compatible
retailhero,Y,causalpfn,1,3000,1000,1000,5,6.849371399999654,19.79822729999978,0.015012807154777827,0.003209640002114176,0.022947653633730018,0.02357976048448408,0.004401760704281776,-0.018501850185018487,0.03448813795255179,0.03302480733394623,0.011370915610447068,303,319,scikit-uplift-compatible
retailhero,Y,constant_ate,2,3000,1000,1000,5,0.0003345000004628,2.1300000298651867e-05,0.0,0.0,0.0,0.010768043072172271,0.07272727272727275,-0.009615384615384581,0.021536086144344546,0.020354702852805162,0.0,302,314,scikit-uplift-compatible
retailhero,Y,s_learner,2,3000,1000,1000,5,4.181601199999932,0.0454484000001684,-0.025884195554410176,-0.005526856511294281,-0.040865237106364805,-0.0005697211535558617,-0.09898989898989896,-0.025002520415364438,0.021536086144344546,0.013297780043773074,0.071141485124845,302,314,scikit-uplift-compatible
retailhero,Y,t_learner,2,3000,1000,1000,5,7.524809699998514,0.1106163000004016,-0.009119347500121246,-0.0019471853009244056,-0.013062726332073627,0.007143884207933254,0.0489596083231334,0.0024154589371980784,0.021536086144344546,0.014422035014739336,0.23287236082225138,302,314,scikit-uplift-compatible
retailhero,Y,x_learner,2,3000,1000,1000,5,21.22496859999956,0.1316630000001168,-0.010924589140183811,-0.002332644895056525,-0.0163825466917529,0.006222824080180974,-0.018181818181818188,0.0971497390606183,0.021536086144344546,0.008207001193843265,0.1980045335502736,302,314,scikit-uplift-compatible
retailhero,Y,dr_learner,2,3000,1000,1000,5,48.4600808999985,0.0495833000004495,-0.007326585187229055,-0.001564390323140249,-0.010504663784165046,0.007853600144913236,0.043247654018767845,0.07707747892412686,0.021536086144344546,0.025880008488953395,0.25549147601709943,302,314,scikit-uplift-compatible
retailhero,Y,tarnet,2,3000,1000,1000,5,12.04057979999925,0.011614200000622,0.010052031411678658,0.002146334242553083,0.014623420817402174,0.014825205324033704,-0.07139942880456951,0.0665584415584416,0.021536086144344546,0.008561962485313416,0.01762552386731095,302,314,scikit-uplift-compatible
retailhero,Y,dragonnet,2,3000,1000,1000,5,6.533542200000738,0.004020299998956,0.011328762680110984,0.002418945014221664,0.017289270264919457,0.015564825956077732,0.016161616161616155,-0.044560943643512485,0.021536086144344546,0.010325252950191498,0.017647663085300667,302,314,scikit-uplift-compatible
retailhero,Y,causalpfn,2,3000,1000,1000,5,9.649678600000698,18.49203250000028,0.009618481387328737,0.0020537615848472152,0.015183557050732033,0.014980611067337033,0.02020202020202022,0.03172855570013011,0.021536086144344546,0.022849924027919768,0.008317964881049179,302,314,scikit-uplift-compatible
retailhero,Y,constant_ate,3,3000,1000,1000,5,0.0003101000002061,2.559999848017469e-05,0.0,0.0,0.0,0.015697076627018913,0.005202080832332978,0.016103059581320522,0.031394153254037827,0.03172864624057459,0.0,307,314,scikit-uplift-compatible
retailhero,Y,s_learner,3,3000,1000,1000,5,4.1778573999999935,0.0439303999992262,0.015612425483410495,0.0032964092256197856,0.020190377289694063,0.021285956962298465,0.1089351285189718,0.0803571428571429,0.031394153254037827,0.027900742023319075,0.0774622795861954,307,314,scikit-uplift-compatible
retailhero,Y,t_learner,3,3000,1000,1000,5,7.158212300000741,0.2051303000007465,0.012007367533702953,0.002535236895482014,0.016327721888906986,0.02021673876485351,0.0855078281814533,-0.01386795296955079,0.031394153254037827,0.040829439951921814,0.2307859149159568,307,314,scikit-uplift-compatible
retailhero,Y,x_learner,3,3000,1000,1000,5,20.16132859999925,0.1756825999982538,0.025453844570298992,0.00537432752894053,0.03551453130513085,0.025527822371885743,0.10919309514251307,0.022222222222222143,0.031394153254037827,0.035665730552708406,0.20058462372448246,307,314,scikit-uplift-compatible
retailhero,Y,dr_learner,3,3000,1000,1000,5,56.728990700001305,0.0742477000003418,0.023429604321330982,0.004946929221184995,0.03475171669820588,0.025316668340688755,0.05082032813125248,0.09703881552621052,0.031394153254037827,0.0362914209860259,0.2645368037078537,307,314,scikit-uplift-compatible
retailhero,Y,tarnet,3,3000,1000,1000,5,16.943926799998735,0.0086682000001019,0.02869310526258691,0.006058265386103827,0.04299224858788073,0.02759772262559091,0.05772495755517826,0.055773289116671676,0.031394153254037827,0.040620842218399046,0.03257876219022674,307,314,scikit-uplift-compatible
retailhero,Y,dragonnet,3,3000,1000,1000,5,7.106695500000569,0.0179855999995197,-0.01715248278983127,-0.003621577093883623,-0.026299685866071478,0.008417084031935335,0.015280135823429575,0.02713178294573637,0.031394153254037827,0.026692281544208527,0.02980585417147898,307,314,scikit-uplift-compatible
retailhero,Y,causalpfn,3,3000,1000,1000,5,8.151235700001052,21.116658499999176,-0.02912095512473628,-0.006148601652833681,-0.04339113776135711,0.0036860144719971758,-0.05681818181818177,-0.07903570338724453,0.031394153254037827,0.03351467508077621,0.007628965726959069,307,314,scikit-uplift-compatible
retailhero,Y,constant_ate,4,3000,1000,1000,5,0.0003405999996175,2.060000042547472e-05,0.0,0.0,0.0,0.012712152681898072,0.07999999999999996,-0.005608974358974339,0.02542430536379614,0.024922137773896288,3.469446951953614e-18,312,311,scikit-uplift-compatible
retailhero,Y,s_learner,4,3000,1000,1000,5,4.967822100001285,0.0968458999996073,0.030024055187993132,0.006300449653888506,0.04264571866345078,0.024550110290635543,0.19191919191919193,0.09130478793400143,0.02542430536379614,0.026255906841604358,0.07663510889047633,312,311,scikit-uplift-compatible
retailhero,Y,t_learner,4,3000,1000,1000,5,9.98348999999871,0.1214949999994132,0.003541284611822683,0.0007431269782571389,0.006434515832472638,0.014498299757028581,0.052990766760337205,0.11550395355820242,0.02542430536379614,0.035255229035341416,0.2356989139542974,312,311,scikit-uplift-compatible
retailhero,Y,x_learner,4,3000,1000,1000,5,19.890483200000745,0.1671618000000307,0.015610391841938602,0.0032757896047612514,0.025425899829586433,0.019770088009990257,0.09999999999999998,0.13301282051282048,0.02542430536379614,0.035326785266429545,0.19858010747798277,312,311,scikit-uplift-compatible
retailhero,Y,dr_learner,4,3000,1000,1000,5,57.67458979999901,0.1195101999983307,0.00664705363815061,0.0013948624371904388,0.012722804720149217,0.016243855925779677,0.1600985221674877,0.0887218045112782,0.02542430536379614,0.03193850964942657,0.27724124513404963,312,311,scikit-uplift-compatible
retailhero,Y,tarnet,4,3000,1000,1000,5,11.696891900000992,0.0081988000001729,0.025289178643664634,0.005306851317550205,0.03828225436720484,0.023338863136522767,0.12121212121212122,0.0756302521008404,0.02542430536379614,0.01550829616189003,0.02922709565618243,312,311,scikit-uplift-compatible
retailhero,Y,dragonnet,4,3000,1000,1000,5,7.0563629000007495,0.0110655000007682,0.02562555808598277,0.005377439441894449,0.03852074722020212,0.02340506599046103,0.14343434343434347,0.06820682068206818,0.02542430536379614,0.011127986311912537,0.02757555495018383,312,311,scikit-uplift-compatible
retailhero,Y,causalpfn,4,3000,1000,1000,5,8.965604900000471,20.84766010000021,0.031245535192517507,0.006556773232550691,0.04710774768524561,0.025788717871054485,0.07467532467532467,0.09498548693824449,0.02542430536379614,0.025769091188907623,0.016333590006511575,312,311,scikit-uplift-compatible
